Estacion,Fecha,Hora,"PM 2,5",PM 10,SO2,NO2,O3,CO
PARIACHI,03/10/2025,18:00,20.75,31.59,13.67,108.79,4.20,3.501.75
PARIACHI,03/10/2025,17:00,17.71,30.93,14.02,110.44,6.69,3.474.15
PARIACHI,03/10/2025,16:00,27.49,47.57,14.70,108.89,10.79,3.527.05
PARIACHI,03/10/2025,15:00,23.65,47.77,14.96,105.06,12.05,3.547.75
PARIACHI,03/10/2025,14:00,20.44,43.99,14.19,101.70,10.93,3.468.40
PARIACHI,03/10/2025,13:00,21.74,31.61,13.71,95.57,6.73,3.384.45
PARIACHI,03/10/2025,12:00,39.87,52.39,12.81,91.98,4.94,3.429.30
PARIACHI,03/10/2025,11:00,53.25,63.20,12.61,87.99,4.28,3.521.30
PARIACHI,03/10/2025,10:00,37.43,41.45,12.33,79.87,4.51,3.592.60
PARIACHI,03/10/2025,09:00,29.50,31.26,12.20,72.34,4.48,3.399.40
PARIACHI,03/10/2025,08:00,30.81,32.45,12.14,66.15,4.74,3.325.80
PARIACHI,03/10/2025,07:00,37.09,39.75,12.14,64.05,4.31,3.179.75
PARIACHI,03/10/2025,06:00,43.76,50.16,12.08,64.52,4.65,3.128.00
PARIACHI,03/10/2025,05:00,40.81,43.41,11.97,64.87,4.13,3.253.35
PARIACHI,03/10/2025,04:00,39.11,40.28,11.91,66.09,3.94,3.169.40
PARIACHI,03/10/2025,03:00,21.91,22.05,11.97,67.91,3.68,3.222.30
PARIACHI,03/10/2025,02:00,15.39,15.59,12.49,73.13,3.63,3.438.50
PARIACHI,03/10/2025,01:00,13.86,14.18,12.57,76.66,4.01,3.689.20
PARIACHI,03/10/2025,00:00,16.08,16.70,12.72,81.39,3.63,3.834.10
PARIACHI,02/10/2025,23:00,18.13,20.16,13.15,87.58,4.19,4.104.35
PARIACHI,02/10/2025,22:00,16.49,18.41,13.02,93.21,4.01,4.250.40
PARIACHI,02/10/2025,21:00,16.50,18.34,12.81,99.22,3.63,4.043.40
PARIACHI,02/10/2025,20:00,18.04,20.81,12.51,109.06,3.50,3.936.45
PARIACHI,02/10/2025,19:00,17.18,23.07,12.33,111.18,3.92,3.696.10
PARIACHI,02/10/2025,18:00,9.70,15.65,12.51,104.21,4.08,3.491.40
PARIACHI,02/10/2025,17:00,13.03,25.07,12.53,97.37,7.71,3.433.90
PARIACHI,02/10/2025,16:00,12.71,30.86,12.89,95.47,11.51,3.431.60
PARIACHI,02/10/2025,15:00,19.44,45.84,13.71,96.60,19.55,3.477.60
PARIACHI,02/10/2025,14:00,18.31,43.56,14.57,100.73,22.07,3.605.25
PARIACHI,02/10/2025,13:00,18.91,49.17,15.56,110.02,18.35,3.639.75
PARIACHI,02/10/2025,12:00,20.32,35.83,17.83,127.90,9.76,3.745.55
PARIACHI,02/10/2025,11:00,27.19,36.63,19.60,135.25,4.87,3.972.10
PARIACHI,02/10/2025,10:00,39.05,46.23,18.49,129.16,4.68,4.297.55
PARIACHI,02/10/2025,09:00,40.17,50.41,16.10,105.27,4.74,4.518.35
PARIACHI,02/10/2025,08:00,47.41,51.70,16.52,89.02,4.49,4.796.65
PARIACHI,02/10/2025,07:00,36.51,40.97,16.05,75.66,4.27,4.657.50
PARIACHI,02/10/2025,06:00,30.21,32.30,16.51,75.13,4.30,4.157.25
PARIACHI,02/10/2025,05:00,100.28,127.21,18.98,78.01,4.67,4.084.80
PARIACHI,02/10/2025,04:00,73.70,90.01,20.17,80.74,4.34,4.123.90
PARIACHI,02/10/2025,03:00,40.76,45.60,18.81,84.81,4.54,4.075.60
PARIACHI,02/10/2025,02:00,45.95,52.33,17.41,86.15,4.48,4.294.10
PARIACHI,02/10/2025,01:00,24.62,26.11,14.54,90.38,4.67,4.551.70
PARIACHI,02/10/2025,00:00,25.10,28.30,13.80,90.17,4.42,4.675.90
PARIACHI,01/10/2025,23:00,25.93,28.96,13.31,91.09,4.08,4.506.85
PARIACHI,01/10/2025,22:00,49.69,59.34,13.50,90.95,4.39,4.252.70
PARIACHI,01/10/2025,21:00,108.99,143.87,13.48,95.22,4.17,4.138.85
PARIACHI,01/10/2025,20:00,19.02,22.45,13.52,101.17,3.82,3.968.65
PARIACHI,01/10/2025,19:00,25.40,32.72,13.79,107.61,3.64,3.715.65
PARIACHI,01/10/2025,18:00,77.76,107.16,14.38,112.55,3.01,3.596.05
PARIACHI,03/10/2025,18:00,20.75,31.59,13.67,108.79,4.20,3.501.75
PARIACHI,03/10/2025,17:00,17.71,30.93,14.02,110.44,6.69,3.474.15
PARIACHI,03/10/2025,16:00,27.49,47.57,14.70,108.89,10.79,3.527.05
PARIACHI,03/10/2025,15:00,23.65,47.77,14.96,105.06,12.05,3.547.75
PARIACHI,03/10/2025,14:00,20.44,43.99,14.19,101.70,10.93,3.468.40
PARIACHI,03/10/2025,13:00,21.74,31.61,13.71,95.57,6.73,3.384.45
PARIACHI,03/10/2025,12:00,39.87,52.39,12.81,91.98,4.94,3.429.30
PARIACHI,03/10/2025,11:00,53.25,63.20,12.61,87.99,4.28,3.521.30
PARIACHI,03/10/2025,10:00,37.43,41.45,12.33,79.87,4.51,3.592.60
PARIACHI,03/10/2025,09:00,29.50,31.26,12.20,72.34,4.48,3.399.40
PARIACHI,03/10/2025,08:00,30.81,32.45,12.14,66.15,4.74,3.325.80
PARIACHI,03/10/2025,07:00,37.09,39.75,12.14,64.05,4.31,3.179.75
PARIACHI,03/10/2025,06:00,43.76,50.16,12.08,64.52,4.65,3.128.00
PARIACHI,03/10/2025,05:00,40.81,43.41,11.97,64.87,4.13,3.253.35
PARIACHI,03/10/2025,04:00,39.11,40.28,11.91,66.09,3.94,3.169.40
PARIACHI,03/10/2025,03:00,21.91,22.05,11.97,67.91,3.68,3.222.30
PARIACHI,03/10/2025,02:00,15.39,15.59,12.49,73.13,3.63,3.438.50
PARIACHI,03/10/2025,01:00,13.86,14.18,12.57,76.66,4.01,3.689.20
PARIACHI,03/10/2025,00:00,16.08,16.70,12.72,81.39,3.63,3.834.10
PARIACHI,02/10/2025,23:00,18.13,20.16,13.15,87.58,4.19,4.104.35
PARIACHI,02/10/2025,22:00,16.49,18.41,13.02,93.21,4.01,4.250.40
PARIACHI,02/10/2025,21:00,16.50,18.34,12.81,99.22,3.63,4.043.40
PARIACHI,02/10/2025,20:00,18.04,20.81,12.51,109.06,3.50,3.936.45
PARIACHI,02/10/2025,19:00,17.18,23.07,12.33,111.18,3.92,3.696.10
PARIACHI,02/10/2025,18:00,9.70,15.65,12.51,104.21,4.08,3.491.40
PARIACHI,02/10/2025,17:00,13.03,25.07,12.53,97.37,7.71,3.433.90
PARIACHI,02/10/2025,16:00,12.71,30.86,12.89,95.47,11.51,3.431.60
PARIACHI,02/10/2025,15:00,19.44,45.84,13.71,96.60,19.55,3.477.60
PARIACHI,02/10/2025,14:00,18.31,43.56,14.57,100.73,22.07,3.605.25
PARIACHI,02/10/2025,13:00,18.91,49.17,15.56,110.02,18.35,3.639.75
PARIACHI,02/10/2025,12:00,20.32,35.83,17.83,127.90,9.76,3.745.55
PARIACHI,02/10/2025,11:00,27.19,36.63,19.60,135.25,4.87,3.972.10
PARIACHI,02/10/2025,10:00,39.05,46.23,18.49,129.16,4.68,4.297.55
PARIACHI,02/10/2025,09:00,40.17,50.41,16.10,105.27,4.74,4.518.35
PARIACHI,02/10/2025,08:00,47.41,51.70,16.52,89.02,4.49,4.796.65
PARIACHI,02/10/2025,07:00,36.51,40.97,16.05,75.66,4.27,4.657.50
PARIACHI,02/10/2025,06:00,30.21,32.30,16.51,75.13,4.30,4.157.25
PARIACHI,02/10/2025,05:00,100.28,127.21,18.98,78.01,4.67,4.084.80
PARIACHI,02/10/2025,04:00,73.70,90.01,20.17,80.74,4.34,4.123.90
PARIACHI,02/10/2025,03:00,40.76,45.60,18.81,84.81,4.54,4.075.60
PARIACHI,02/10/2025,02:00,45.95,52.33,17.41,86.15,4.48,4.294.10
PARIACHI,02/10/2025,01:00,24.62,26.11,14.54,90.38,4.67,4.551.70
PARIACHI,02/10/2025,00:00,25.10,28.30,13.80,90.17,4.42,4.675.90
PARIACHI,01/10/2025,23:00,25.93,28.96,13.31,91.09,4.08,4.506.85
PARIACHI,01/10/2025,22:00,49.69,59.34,13.50,90.95,4.39,4.252.70
PARIACHI,01/10/2025,21:00,108.99,143.87,13.48,95.22,4.17,4.138.85
PARIACHI,01/10/2025,20:00,19.02,22.45,13.52,101.17,3.82,3.968.65
PARIACHI,01/10/2025,19:00,25.40,32.72,13.79,107.61,3.64,3.715.65
PARIACHI,01/10/2025,18:00,77.76,107.16,14.38,112.55,3.01,3.596.05
SAN BORJA,03/10/2025,18:00,20.97,92.30,22.69,38.88,25.87,1.078.70
SAN BORJA,03/10/2025,17:00,19.50,111.20,22.93,36.32,38.26,837.20
SAN BORJA,03/10/2025,16:00,21.10,116.00,19.72,37.60,38.18,854.45
SAN BORJA,03/10/2025,15:00,26.81,116.00,24.50,38.18,42.67,870.55
SAN BORJA,03/10/2025,14:00,29.50,113.00,27.90,37.64,46.53,872.85
SAN BORJA,03/10/2025,13:00,33.55,111.00,22.45,35.70,40.83,885.50
SAN BORJA,03/10/2025,12:00,31.47,110.70,23.45,33.43,36.06,940.70
SAN BORJA,03/10/2025,11:00,39.22,141.00,23.48,31.60,22.34,1.054.55
SAN BORJA,03/10/2025,10:00,37.28,133.40,30.97,30.83,16.50,1.105.15
SAN BORJA,03/10/2025,09:00,33.70,136.50,23.87,29.18,12.12,1.175.30
SAN BORJA,03/10/2025,08:00,24.00,62.59,22.35,27.37,10.84,1.237.40
SAN BORJA,03/10/2025,07:00,20.65,51.70,24.52,25.25,19.25,863.65
SAN BORJA,03/10/2025,06:00,18.46,47.00,22.95,22.52,29.87,707.25
SAN BORJA,03/10/2025,05:00,17.93,44.81,22.69,21.30,35.95,585.35
SAN BORJA,03/10/2025,04:00,16.20,42.86,21.62,20.98,35.06,565.80
SAN BORJA,03/10/2025,03:00,16.75,40.12,22.19,22.15,34.10,566.95
SAN BORJA,03/10/2025,02:00,17.93,41.13,22.32,23.88,26.07,623.30
SAN BORJA,03/10/2025,01:00,17.84,45.79,23.27,24.50,19.05,675.05
SAN BORJA,03/10/2025,00:00,15.28,40.62,23.89,25.21,20.60,715.30
SAN BORJA,02/10/2025,23:00,17.32,47.74,19.19,26.68,12.65,879.75
SAN BORJA,02/10/2025,22:00,26.03,72.11,23.53,27.81,5.05,1.123.55
SAN BORJA,02/10/2025,21:00,19.09,57.72,26.04,27.58,7.93,1.127.00
SAN BORJA,02/10/2025,20:00,14.36,48.00,21.75,27.86,15.63,1.094.80
SAN BORJA,02/10/2025,19:00,16.40,65.15,21.82,28.39,12.22,1.146.55
SAN BORJA,02/10/2025,18:00,16.02,65.34,22.24,27.90,19.03,991.30
SAN BORJA,02/10/2025,17:00,18.67,89.70,22.14,28.69,25.62,939.55
SAN BORJA,02/10/2025,16:00,15.67,47.52,21.46,28.59,33.75,759.00
SAN BORJA,02/10/2025,15:00,17.16,49.88,21.67,30.40,39.06,709.55
SAN BORJA,02/10/2025,14:00,18.32,52.56,22.37,32.77,40.38,767.05
SAN BORJA,02/10/2025,13:00,22.02,56.67,21.62,36.72,47.65,867.10
SAN BORJA,02/10/2025,12:00,26.61,65.63,21.09,36.92,51.33,874.00
SAN BORJA,02/10/2025,11:00,28.55,65.09,21.14,34.39,45.51,848.70
SAN BORJA,02/10/2025,10:00,36.63,89.70,22.06,30.94,23.87,1.013.15
SAN BORJA,02/10/2025,09:00,46.74,124.50,23.37,28.58,12.72,1.143.10
SAN BORJA,02/10/2025,08:00,39.75,97.70,21.75,26.15,10.17,1.141.95
SAN BORJA,02/10/2025,07:00,43.91,107.90,21.30,25.23,6.81,1.120.10
SAN BORJA,02/10/2025,06:00,51.37,115.50,20.62,25.47,3.83,746.35
SAN BORJA,02/10/2025,05:00,48.86,107.80,23.55,24.01,6.97,667.00
SAN BORJA,02/10/2025,04:00,44.44,98.60,22.77,23.69,12.63,615.25
SAN BORJA,02/10/2025,03:00,43.78,104.90,22.74,24.59,12.38,635.95
SAN BORJA,02/10/2025,02:00,42.41,106.70,23.29,25.76,8.41,698.05
SAN BORJA,02/10/2025,01:00,38.58,100.50,22.85,26.34,8.14,731.40
SAN BORJA,02/10/2025,00:00,32.14,81.00,21.80,26.62,10.22,808.45
SAN BORJA,01/10/2025,23:00,33.12,89.50,22.17,27.88,9.43,938.40
SAN BORJA,01/10/2025,22:00,32.48,97.00,22.98,29.29,6.90,1.008.55
SAN BORJA,01/10/2025,21:00,35.96,101.20,22.85,30.74,6.54,1.031.55
SAN BORJA,01/10/2025,20:00,33.79,94.60,22.58,31.11,10.32,1.091.35
SAN BORJA,01/10/2025,19:00,24.23,89.60,22.06,31.17,13.63,1.105.15
SAN BORJA,01/10/2025,18:00,22.43,95.00,21.46,30.66,24.13,902.75
SAN BORJA,03/10/2025,18:00,20.97,92.30,22.69,38.88,25.87,1.078.70
SAN BORJA,03/10/2025,17:00,19.50,111.20,22.93,36.32,38.26,837.20
SAN BORJA,03/10/2025,16:00,21.10,116.00,19.72,37.60,38.18,854.45
SAN BORJA,03/10/2025,15:00,26.81,116.00,24.50,38.18,42.67,870.55
SAN BORJA,03/10/2025,14:00,29.50,113.00,27.90,37.64,46.53,872.85
SAN BORJA,03/10/2025,13:00,33.55,111.00,22.45,35.70,40.83,885.50
SAN BORJA,03/10/2025,12:00,31.47,110.70,23.45,33.43,36.06,940.70
SAN BORJA,03/10/2025,11:00,39.22,141.00,23.48,31.60,22.34,1.054.55
SAN BORJA,03/10/2025,10:00,37.28,133.40,30.97,30.83,16.50,1.105.15
SAN BORJA,03/10/2025,09:00,33.70,136.50,23.87,29.18,12.12,1.175.30
SAN BORJA,03/10/2025,08:00,24.00,62.59,22.35,27.37,10.84,1.237.40
SAN BORJA,03/10/2025,07:00,20.65,51.70,24.52,25.25,19.25,863.65
SAN BORJA,03/10/2025,06:00,18.46,47.00,22.95,22.52,29.87,707.25
SAN BORJA,03/10/2025,05:00,17.93,44.81,22.69,21.30,35.95,585.35
SAN BORJA,03/10/2025,04:00,16.20,42.86,21.62,20.98,35.06,565.80
SAN BORJA,03/10/2025,03:00,16.75,40.12,22.19,22.15,34.10,566.95
SAN BORJA,03/10/2025,02:00,17.93,41.13,22.32,23.88,26.07,623.30
SAN BORJA,03/10/2025,01:00,17.84,45.79,23.27,24.50,19.05,675.05
SAN BORJA,03/10/2025,00:00,15.28,40.62,23.89,25.21,20.60,715.30
SAN BORJA,02/10/2025,23:00,17.32,47.74,19.19,26.68,12.65,879.75
SAN BORJA,02/10/2025,22:00,26.03,72.11,23.53,27.81,5.05,1.123.55
SAN BORJA,02/10/2025,21:00,19.09,57.72,26.04,27.58,7.93,1.127.00
SAN BORJA,02/10/2025,20:00,14.36,48.00,21.75,27.86,15.63,1.094.80
SAN BORJA,02/10/2025,19:00,16.40,65.15,21.82,28.39,12.22,1.146.55
SAN BORJA,02/10/2025,18:00,16.02,65.34,22.24,27.90,19.03,991.30
SAN BORJA,02/10/2025,17:00,18.67,89.70,22.14,28.69,25.62,939.55
SAN BORJA,02/10/2025,16:00,15.67,47.52,21.46,28.59,33.75,759.00
SAN BORJA,02/10/2025,15:00,17.16,49.88,21.67,30.40,39.06,709.55
SAN BORJA,02/10/2025,14:00,18.32,52.56,22.37,32.77,40.38,767.05
SAN BORJA,02/10/2025,13:00,22.02,56.67,21.62,36.72,47.65,867.10
SAN BORJA,02/10/2025,12:00,26.61,65.63,21.09,36.92,51.33,874.00
SAN BORJA,02/10/2025,11:00,28.55,65.09,21.14,34.39,45.51,848.70
SAN BORJA,02/10/2025,10:00,36.63,89.70,22.06,30.94,23.87,1.013.15
SAN BORJA,02/10/2025,09:00,46.74,124.50,23.37,28.58,12.72,1.143.10
SAN BORJA,02/10/2025,08:00,39.75,97.70,21.75,26.15,10.17,1.141.95
SAN BORJA,02/10/2025,07:00,43.91,107.90,21.30,25.23,6.81,1.120.10
SAN BORJA,02/10/2025,06:00,51.37,115.50,20.62,25.47,3.83,746.35
SAN BORJA,02/10/2025,05:00,48.86,107.80,23.55,24.01,6.97,667.00
SAN BORJA,02/10/2025,04:00,44.44,98.60,22.77,23.69,12.63,615.25
SAN BORJA,02/10/2025,03:00,43.78,104.90,22.74,24.59,12.38,635.95
SAN BORJA,02/10/2025,02:00,42.41,106.70,23.29,25.76,8.41,698.05
SAN BORJA,02/10/2025,01:00,38.58,100.50,22.85,26.34,8.14,731.40
SAN BORJA,02/10/2025,00:00,32.14,81.00,21.80,26.62,10.22,808.45
SAN BORJA,01/10/2025,23:00,33.12,89.50,22.17,27.88,9.43,938.40
SAN BORJA,01/10/2025,22:00,32.48,97.00,22.98,29.29,6.90,1.008.55
SAN BORJA,01/10/2025,21:00,35.96,101.20,22.85,30.74,6.54,1.031.55
SAN BORJA,01/10/2025,20:00,33.79,94.60,22.58,31.11,10.32,1.091.35
SAN BORJA,01/10/2025,19:00,24.23,89.60,22.06,31.17,13.63,1.105.15
SAN BORJA,01/10/2025,18:00,22.43,95.00,21.46,30.66,24.13,902.75
VILLA MARIA DEL TRIUNFO,03/10/2025,18:00,,,,,5.00,1.246.60
VILLA MARIA DEL TRIUNFO,03/10/2025,17:00,,,,,4.86,1.191.40
VILLA MARIA DEL TRIUNFO,03/10/2025,16:00,,,,,4.77,1.215.55
VILLA MARIA DEL TRIUNFO,03/10/2025,15:00,,,,,4.47,1.311.00
VILLA MARIA DEL TRIUNFO,03/10/2025,14:00,,,,,4.67,1.343.20
VILLA MARIA DEL TRIUNFO,03/10/2025,13:00,,,,,5.00,1.363.90
VILLA MARIA DEL TRIUNFO,03/10/2025,12:00,,,,,5.01,1.399.55
VILLA MARIA DEL TRIUNFO,03/10/2025,11:00,,,,,4.73,1.400.70
VILLA MARIA DEL TRIUNFO,03/10/2025,10:00,,,,,4.73,1.462.80
VILLA MARIA DEL TRIUNFO,03/10/2025,09:00,,,,,5.41,1.454.75
VILLA MARIA DEL TRIUNFO,03/10/2025,08:00,,,,,4.67,1.380.00
VILLA MARIA DEL TRIUNFO,03/10/2025,07:00,,,,,4.90,1.269.60
VILLA MARIA DEL TRIUNFO,03/10/2025,06:00,,,,,4.90,1.161.50
VILLA MARIA DEL TRIUNFO,03/10/2025,05:00,,,,,4.87,1.156.90
VILLA MARIA DEL TRIUNFO,03/10/2025,04:00,,,,,5.20,1.166.10
VILLA MARIA DEL TRIUNFO,03/10/2025,03:00,,,,,4.82,1.225.90
VILLA MARIA DEL TRIUNFO,03/10/2025,02:00,,,,,5.16,1.270.75
VILLA MARIA DEL TRIUNFO,03/10/2025,01:00,,,,,5.31,1.382.30
VILLA MARIA DEL TRIUNFO,03/10/2025,00:00,,,,,4.57,1.465.10
VILLA MARIA DEL TRIUNFO,02/10/2025,23:00,,,,,4.91,1.469.70
VILLA MARIA DEL TRIUNFO,02/10/2025,22:00,,,,,4.71,1.469.70
VILLA MARIA DEL TRIUNFO,02/10/2025,21:00,,,,,4.52,1.516.85
VILLA MARIA DEL TRIUNFO,02/10/2025,20:00,,,,,4.78,1.474.30
VILLA MARIA DEL TRIUNFO,02/10/2025,19:00,,,,,4.86,1.361.60
VILLA MARIA DEL TRIUNFO,02/10/2025,18:00,,,,,5.01,1.306.40
VILLA MARIA DEL TRIUNFO,02/10/2025,17:00,,,,,5.24,1.261.55
VILLA MARIA DEL TRIUNFO,02/10/2025,16:00,,,,,4.99,1.253.50
VILLA MARIA DEL TRIUNFO,02/10/2025,15:00,,,,,4.66,1.261.55
VILLA MARIA DEL TRIUNFO,02/10/2025,14:00,,,,,4.22,1.321.35
VILLA MARIA DEL TRIUNFO,02/10/2025,13:00,,,,,5.09,1.412.20
VILLA MARIA DEL TRIUNFO,02/10/2025,12:00,,,,,4.87,1.532.95
VILLA MARIA DEL TRIUNFO,02/10/2025,11:00,,,,,5.10,1.578.95
VILLA MARIA DEL TRIUNFO,02/10/2025,10:00,,,,,4.47,1.615.75
VILLA MARIA DEL TRIUNFO,02/10/2025,09:00,,,,,5.02,1.519.15
VILLA MARIA DEL TRIUNFO,02/10/2025,08:00,,,,,4.74,1.443.25
VILLA MARIA DEL TRIUNFO,02/10/2025,07:00,,,,,4.79,1.322.50
VILLA MARIA DEL TRIUNFO,02/10/2025,06:00,,,,,4.37,1.237.40
VILLA MARIA DEL TRIUNFO,02/10/2025,05:00,,,,,4.70,1.209.80
VILLA MARIA DEL TRIUNFO,02/10/2025,04:00,,,,,5.12,1.230.50
VILLA MARIA DEL TRIUNFO,02/10/2025,03:00,,,,,4.41,1.256.95
VILLA MARIA DEL TRIUNFO,02/10/2025,02:00,,,,,4.39,1.301.80
VILLA MARIA DEL TRIUNFO,02/10/2025,01:00,,,,,4.78,1.347.80
VILLA MARIA DEL TRIUNFO,02/10/2025,00:00,,,,,4.73,1.415.65
VILLA MARIA DEL TRIUNFO,01/10/2025,23:00,,,,,4.62,1.432.90
VILLA MARIA DEL TRIUNFO,01/10/2025,22:00,,,,,4.43,1.475.45
VILLA MARIA DEL TRIUNFO,01/10/2025,21:00,,,,,4.78,1.446.70
VILLA MARIA DEL TRIUNFO,01/10/2025,20:00,,,,,4.46,1.388.05
VILLA MARIA DEL TRIUNFO,01/10/2025,19:00,,,,,5.07,1.328.25
VILLA MARIA DEL TRIUNFO,01/10/2025,18:00,,,,,4.81,1.315.60
VILLA MARIA DEL TRIUNFO,03/10/2025,18:00,,,,,5.00,1.246.60
VILLA MARIA DEL TRIUNFO,03/10/2025,17:00,,,,,4.86,1.191.40
VILLA MARIA DEL TRIUNFO,03/10/2025,16:00,,,,,4.77,1.215.55
VILLA MARIA DEL TRIUNFO,03/10/2025,15:00,,,,,4.47,1.311.00
VILLA MARIA DEL TRIUNFO,03/10/2025,14:00,,,,,4.67,1.343.20
VILLA MARIA DEL TRIUNFO,03/10/2025,13:00,,,,,5.00,1.363.90
VILLA MARIA DEL TRIUNFO,03/10/2025,12:00,,,,,5.01,1.399.55
VILLA MARIA DEL TRIUNFO,03/10/2025,11:00,,,,,4.73,1.400.70
VILLA MARIA DEL TRIUNFO,03/10/2025,10:00,,,,,4.73,1.462.80
VILLA MARIA DEL TRIUNFO,03/10/2025,09:00,,,,,5.41,1.454.75
VILLA MARIA DEL TRIUNFO,03/10/2025,08:00,,,,,4.67,1.380.00
VILLA MARIA DEL TRIUNFO,03/10/2025,07:00,,,,,4.90,1.269.60
VILLA MARIA DEL TRIUNFO,03/10/2025,06:00,,,,,4.90,1.161.50
VILLA MARIA DEL TRIUNFO,03/10/2025,05:00,,,,,4.87,1.156.90
VILLA MARIA DEL TRIUNFO,03/10/2025,04:00,,,,,5.20,1.166.10
VILLA MARIA DEL TRIUNFO,03/10/2025,03:00,,,,,4.82,1.225.90
VILLA MARIA DEL TRIUNFO,03/10/2025,02:00,,,,,5.16,1.270.75
VILLA MARIA DEL TRIUNFO,03/10/2025,01:00,,,,,5.31,1.382.30
VILLA MARIA DEL TRIUNFO,03/10/2025,00:00,,,,,4.57,1.465.10
VILLA MARIA DEL TRIUNFO,02/10/2025,23:00,,,,,4.91,1.469.70
VILLA MARIA DEL TRIUNFO,02/10/2025,22:00,,,,,4.71,1.469.70
VILLA MARIA DEL TRIUNFO,02/10/2025,21:00,,,,,4.52,1.516.85
VILLA MARIA DEL TRIUNFO,02/10/2025,20:00,,,,,4.78,1.474.30
VILLA MARIA DEL TRIUNFO,02/10/2025,19:00,,,,,4.86,1.361.60
VILLA MARIA DEL TRIUNFO,02/10/2025,18:00,,,,,5.01,1.306.40
VILLA MARIA DEL TRIUNFO,02/10/2025,17:00,,,,,5.24,1.261.55
VILLA MARIA DEL TRIUNFO,02/10/2025,16:00,,,,,4.99,1.253.50
VILLA MARIA DEL TRIUNFO,02/10/2025,15:00,,,,,4.66,1.261.55
VILLA MARIA DEL TRIUNFO,02/10/2025,14:00,,,,,4.22,1.321.35
VILLA MARIA DEL TRIUNFO,02/10/2025,13:00,,,,,5.09,1.412.20
VILLA MARIA DEL TRIUNFO,02/10/2025,12:00,,,,,4.87,1.532.95
VILLA MARIA DEL TRIUNFO,02/10/2025,11:00,,,,,5.10,1.578.95
VILLA MARIA DEL TRIUNFO,02/10/2025,10:00,,,,,4.47,1.615.75
VILLA MARIA DEL TRIUNFO,02/10/2025,09:00,,,,,5.02,1.519.15
VILLA MARIA DEL TRIUNFO,02/10/2025,08:00,,,,,4.74,1.443.25
VILLA MARIA DEL TRIUNFO,02/10/2025,07:00,,,,,4.79,1.322.50
VILLA MARIA DEL TRIUNFO,02/10/2025,06:00,,,,,4.37,1.237.40
VILLA MARIA DEL TRIUNFO,02/10/2025,05:00,,,,,4.70,1.209.80
VILLA MARIA DEL TRIUNFO,02/10/2025,04:00,,,,,5.12,1.230.50
VILLA MARIA DEL TRIUNFO,02/10/2025,03:00,,,,,4.41,1.256.95
VILLA MARIA DEL TRIUNFO,02/10/2025,02:00,,,,,4.39,1.301.80
VILLA MARIA DEL TRIUNFO,02/10/2025,01:00,,,,,4.78,1.347.80
VILLA MARIA DEL TRIUNFO,02/10/2025,00:00,,,,,4.73,1.415.65
VILLA MARIA DEL TRIUNFO,01/10/2025,23:00,,,,,4.62,1.432.90
VILLA MARIA DEL TRIUNFO,01/10/2025,22:00,,,,,4.43,1.475.45
VILLA MARIA DEL TRIUNFO,01/10/2025,21:00,,,,,4.78,1.446.70
VILLA MARIA DEL TRIUNFO,01/10/2025,20:00,,,,,4.46,1.388.05
VILLA MARIA DEL TRIUNFO,01/10/2025,19:00,,,,,5.07,1.328.25
VILLA MARIA DEL TRIUNFO,01/10/2025,18:00,,,,,4.81,1.315.60
CAMPO DE MARTE,03/10/2025,18:00,21.85,39.57,8.88,22.79,4.16,722.20
CAMPO DE MARTE,03/10/2025,17:00,17.43,40.50,9.46,22.07,4.38,708.40
CAMPO DE MARTE,03/10/2025,16:00,15.24,35.03,9.95,21.79,4.26,714.15
CAMPO DE MARTE,03/10/2025,15:00,17.80,39.02,9.95,21.68,4.38,739.45
CAMPO DE MARTE,03/10/2025,14:00,19.66,33.43,10.33,21.60,4.18,711.85
CAMPO DE MARTE,03/10/2025,13:00,21.81,38.24,10.10,21.70,4.19,716.45
CAMPO DE MARTE,03/10/2025,12:00,26.25,41.57,9.35,21.90,4.16,693.45
CAMPO DE MARTE,03/10/2025,11:00,27.11,40.63,9.15,21.98,4.02,755.55
CAMPO DE MARTE,03/10/2025,10:00,28.89,43.21,8.72,22.22,4.17,721.05
CAMPO DE MARTE,03/10/2025,09:00,26.69,39.91,8.67,22.33,4.24,707.25
CAMPO DE MARTE,03/10/2025,08:00,25.84,38.50,8.49,22.24,4.22,753.25
CAMPO DE MARTE,03/10/2025,07:00,21.40,31.72,8.34,21.81,4.23,737.15
CAMPO DE MARTE,03/10/2025,06:00,13.88,20.22,8.28,21.34,4.39,760.15
CAMPO DE MARTE,03/10/2025,05:00,13.06,18.94,8.43,21.13,4.29,704.95
CAMPO DE MARTE,03/10/2025,04:00,14.66,21.69,8.38,21.24,4.11,683.10
CAMPO DE MARTE,03/10/2025,03:00,13.75,20.13,8.37,21.26,4.14,726.80
CAMPO DE MARTE,03/10/2025,02:00,14.99,22.05,8.53,21.47,4.04,733.70
CAMPO DE MARTE,03/10/2025,01:00,18.17,27.10,8.39,21.70,4.05,727.95
CAMPO DE MARTE,03/10/2025,00:00,15.79,23.57,8.39,21.79,4.01,696.90
CAMPO DE MARTE,02/10/2025,23:00,15.76,23.52,8.46,21.90,3.98,737.15
CAMPO DE MARTE,02/10/2025,22:00,16.64,24.83,8.50,22.30,4.24,752.10
CAMPO DE MARTE,02/10/2025,21:00,15.53,23.05,8.38,22.39,4.21,719.90
CAMPO DE MARTE,02/10/2025,20:00,14.15,21.05,8.28,22.37,4.31,764.75
CAMPO DE MARTE,02/10/2025,19:00,14.31,21.43,8.18,22.54,4.19,702.65
CAMPO DE MARTE,02/10/2025,18:00,14.90,22.28,8.42,22.11,3.95,737.15
CAMPO DE MARTE,02/10/2025,17:00,14.63,22.10,9.41,21.62,4.13,718.75
CAMPO DE MARTE,02/10/2025,16:00,13.32,22.47,9.76,21.49,4.19,748.65
CAMPO DE MARTE,02/10/2025,15:00,13.54,28.20,9.96,21.41,3.98,780.85
CAMPO DE MARTE,02/10/2025,14:00,13.95,26.88,9.82,21.45,4.09,733.70
CAMPO DE MARTE,02/10/2025,13:00,15.52,27.50,9.78,21.45,3.90,708.40
CAMPO DE MARTE,02/10/2025,12:00,21.39,38.51,9.60,21.62,4.07,708.40
CAMPO DE MARTE,02/10/2025,11:00,24.26,36.43,8.94,21.77,4.10,662.40
CAMPO DE MARTE,02/10/2025,10:00,26.45,38.81,8.90,21.98,4.26,706.10
CAMPO DE MARTE,02/10/2025,09:00,36.11,52.93,8.58,22.30,4.35,718.75
CAMPO DE MARTE,02/10/2025,08:00,28.59,40.44,8.45,22.07,4.23,724.50
CAMPO DE MARTE,02/10/2025,07:00,35.63,51.45,8.49,22.26,4.21,718.75
CAMPO DE MARTE,02/10/2025,06:00,37.50,54.95,8.42,22.01,3.96,725.65
CAMPO DE MARTE,02/10/2025,05:00,34.68,50.12,8.51,21.81,4.22,658.95
CAMPO DE MARTE,02/10/2025,04:00,36.07,51.59,8.70,22.00,4.23,719.90
CAMPO DE MARTE,02/10/2025,03:00,39.59,57.23,8.64,22.30,3.73,681.95
CAMPO DE MARTE,02/10/2025,02:00,35.04,51.81,8.55,22.48,4.14,725.65
CAMPO DE MARTE,02/10/2025,01:00,29.69,43.99,8.62,22.56,4.02,685.40
CAMPO DE MARTE,02/10/2025,00:00,30.52,45.34,8.56,22.62,4.08,704.95
CAMPO DE MARTE,01/10/2025,23:00,30.98,46.02,8.82,22.77,4.25,700.35
CAMPO DE MARTE,01/10/2025,22:00,35.55,53.15,9.14,22.84,4.27,741.75
CAMPO DE MARTE,01/10/2025,21:00,34.36,50.76,9.77,22.90,4.20,757.85
CAMPO DE MARTE,01/10/2025,20:00,26.01,38.64,10.03,22.86,4.14,708.40
CAMPO DE MARTE,01/10/2025,19:00,19.11,28.41,9.81,22.69,4.18,731.40
CAMPO DE MARTE,01/10/2025,18:00,21.74,32.40,8.28,22.18,4.22,729.10
CAMPO DE MARTE,03/10/2025,18:00,21.85,39.57,8.88,22.79,4.16,722.20
CAMPO DE MARTE,03/10/2025,17:00,17.43,40.50,9.46,22.07,4.38,708.40
CAMPO DE MARTE,03/10/2025,16:00,15.24,35.03,9.95,21.79,4.26,714.15
CAMPO DE MARTE,03/10/2025,15:00,17.80,39.02,9.95,21.68,4.38,739.45
CAMPO DE MARTE,03/10/2025,14:00,19.66,33.43,10.33,21.60,4.18,711.85
CAMPO DE MARTE,03/10/2025,13:00,21.81,38.24,10.10,21.70,4.19,716.45
CAMPO DE MARTE,03/10/2025,12:00,26.25,41.57,9.35,21.90,4.16,693.45
CAMPO DE MARTE,03/10/2025,11:00,27.11,40.63,9.15,21.98,4.02,755.55
CAMPO DE MARTE,03/10/2025,10:00,28.89,43.21,8.72,22.22,4.17,721.05
CAMPO DE MARTE,03/10/2025,09:00,26.69,39.91,8.67,22.33,4.24,707.25
CAMPO DE MARTE,03/10/2025,08:00,25.84,38.50,8.49,22.24,4.22,753.25
CAMPO DE MARTE,03/10/2025,07:00,21.40,31.72,8.34,21.81,4.23,737.15
CAMPO DE MARTE,03/10/2025,06:00,13.88,20.22,8.28,21.34,4.39,760.15
CAMPO DE MARTE,03/10/2025,05:00,13.06,18.94,8.43,21.13,4.29,704.95
CAMPO DE MARTE,03/10/2025,04:00,14.66,21.69,8.38,21.24,4.11,683.10
CAMPO DE MARTE,03/10/2025,03:00,13.75,20.13,8.37,21.26,4.14,726.80
CAMPO DE MARTE,03/10/2025,02:00,14.99,22.05,8.53,21.47,4.04,733.70
CAMPO DE MARTE,03/10/2025,01:00,18.17,27.10,8.39,21.70,4.05,727.95
CAMPO DE MARTE,03/10/2025,00:00,15.79,23.57,8.39,21.79,4.01,696.90
CAMPO DE MARTE,02/10/2025,23:00,15.76,23.52,8.46,21.90,3.98,737.15
CAMPO DE MARTE,02/10/2025,22:00,16.64,24.83,8.50,22.30,4.24,752.10
CAMPO DE MARTE,02/10/2025,21:00,15.53,23.05,8.38,22.39,4.21,719.90
CAMPO DE MARTE,02/10/2025,20:00,14.15,21.05,8.28,22.37,4.31,764.75
CAMPO DE MARTE,02/10/2025,19:00,14.31,21.43,8.18,22.54,4.19,702.65
CAMPO DE MARTE,02/10/2025,18:00,14.90,22.28,8.42,22.11,3.95,737.15
CAMPO DE MARTE,02/10/2025,17:00,14.63,22.10,9.41,21.62,4.13,718.75
CAMPO DE MARTE,02/10/2025,16:00,13.32,22.47,9.76,21.49,4.19,748.65
CAMPO DE MARTE,02/10/2025,15:00,13.54,28.20,9.96,21.41,3.98,780.85
CAMPO DE MARTE,02/10/2025,14:00,13.95,26.88,9.82,21.45,4.09,733.70
CAMPO DE MARTE,02/10/2025,13:00,15.52,27.50,9.78,21.45,3.90,708.40
CAMPO DE MARTE,02/10/2025,12:00,21.39,38.51,9.60,21.62,4.07,708.40
CAMPO DE MARTE,02/10/2025,11:00,24.26,36.43,8.94,21.77,4.10,662.40
CAMPO DE MARTE,02/10/2025,10:00,26.45,38.81,8.90,21.98,4.26,706.10
CAMPO DE MARTE,02/10/2025,09:00,36.11,52.93,8.58,22.30,4.35,718.75
CAMPO DE MARTE,02/10/2025,08:00,28.59,40.44,8.45,22.07,4.23,724.50
CAMPO DE MARTE,02/10/2025,07:00,35.63,51.45,8.49,22.26,4.21,718.75
CAMPO DE MARTE,02/10/2025,06:00,37.50,54.95,8.42,22.01,3.96,725.65
CAMPO DE MARTE,02/10/2025,05:00,34.68,50.12,8.51,21.81,4.22,658.95
CAMPO DE MARTE,02/10/2025,04:00,36.07,51.59,8.70,22.00,4.23,719.90
CAMPO DE MARTE,02/10/2025,03:00,39.59,57.23,8.64,22.30,3.73,681.95
CAMPO DE MARTE,02/10/2025,02:00,35.04,51.81,8.55,22.48,4.14,725.65
CAMPO DE MARTE,02/10/2025,01:00,29.69,43.99,8.62,22.56,4.02,685.40
CAMPO DE MARTE,02/10/2025,00:00,30.52,45.34,8.56,22.62,4.08,704.95
CAMPO DE MARTE,01/10/2025,23:00,30.98,46.02,8.82,22.77,4.25,700.35
CAMPO DE MARTE,01/10/2025,22:00,35.55,53.15,9.14,22.84,4.27,741.75
CAMPO DE MARTE,01/10/2025,21:00,34.36,50.76,9.77,22.90,4.20,757.85
CAMPO DE MARTE,01/10/2025,20:00,26.01,38.64,10.03,22.86,4.14,708.40
CAMPO DE MARTE,01/10/2025,19:00,19.11,28.41,9.81,22.69,4.18,731.40
CAMPO DE MARTE,01/10/2025,18:00,21.74,32.40,8.28,22.18,4.22,729.10
SANTA ANITA,03/10/2025,18:00,29.49,74.29,141.02,88.98,7.77,2.813.57
SANTA ANITA,03/10/2025,17:00,25.00,69.60,140.77,85.24,10.17,2.788.29
SANTA ANITA,03/10/2025,16:00,26.19,65.44,142.30,87.20,12.64,2.812.17
SANTA ANITA,03/10/2025,15:00,31.67,69.50,145.01,82.16,14.94,2.780.28
SANTA ANITA,03/10/2025,14:00,36.77,75.70,146.59,76.10,16.97,2.780.39
SANTA ANITA,03/10/2025,13:00,44.52,86.48,145.50,70.90,13.88,2.738.23
SANTA ANITA,03/10/2025,12:00,45.75,81.15,143.33,62.58,12.35,2.717.83
SANTA ANITA,03/10/2025,11:00,51.12,77.35,140.99,63.05,8.44,2.838.28
SANTA ANITA,03/10/2025,10:00,47.66,69.37,138.85,63.04,7.01,2.915.04
SANTA ANITA,03/10/2025,09:00,40.91,59.25,138.03,61.19,6.02,2.929.57
SANTA ANITA,03/10/2025,08:00,34.80,50.24,137.10,62.22,5.55,2.766.31
SANTA ANITA,03/10/2025,07:00,32.24,46.26,135.54,60.37,5.37,2.608.95
SANTA ANITA,03/10/2025,06:00,28.63,41.52,134.65,57.88,5.57,2.577.25
SANTA ANITA,03/10/2025,05:00,32.16,46.53,133.54,58.19,5.59,2.601.05
SANTA ANITA,03/10/2025,04:00,37.75,54.73,132.27,58.83,5.10,2.600.48
SANTA ANITA,03/10/2025,03:00,34.50,49.25,130.88,58.95,5.34,2.633.60
SANTA ANITA,03/10/2025,02:00,36.91,53.91,129.55,60.82,5.14,2.708.84
SANTA ANITA,03/10/2025,01:00,37.09,54.77,128.08,61.97,5.19,2.813.25
SANTA ANITA,03/10/2025,00:00,43.32,63.54,126.48,62.99,5.09,2.917.24
SANTA ANITA,02/10/2025,23:00,36.37,53.99,125.42,64.05,5.27,2.989.48
SANTA ANITA,02/10/2025,22:00,31.65,47.33,123.96,65.79,5.26,3.022.70
SANTA ANITA,02/10/2025,21:00,25.12,37.53,122.12,66.92,5.12,3.027.09
SANTA ANITA,02/10/2025,20:00,26.64,39.92,117.82,68.58,5.75,3.015.82
SANTA ANITA,02/10/2025,19:00,28.39,42.56,113.56,80.48,6.01,2.957.55
SANTA ANITA,02/10/2025,18:00,21.80,43.20,109.75,94.73,6.67,2.877.49
SANTA ANITA,02/10/2025,17:00,19.77,42.87,107.54,98.54,9.56,2.882.05
SANTA ANITA,02/10/2025,16:00,19.65,42.93,106.85,98.26,11.84,2.909.79
SANTA ANITA,02/10/2025,15:00,22.28,47.98,109.12,104.12,13.86,2.964.95
SANTA ANITA,02/10/2025,14:00,24.25,48.46,114.13,103.19,15.91,2.981.26
SANTA ANITA,02/10/2025,13:00,28.15,57.20,119.92,100.32,18.06,3.026.23
SANTA ANITA,02/10/2025,12:00,34.59,64.05,122.50,93.87,15.78,3.076.27
SANTA ANITA,02/10/2025,11:00,41.24,73.08,121.37,82.83,8.72,3.170.65
SANTA ANITA,02/10/2025,10:00,58.54,91.38,118.54,74.58,7.97,3.241.81
SANTA ANITA,02/10/2025,09:00,73.30,105.88,117.42,66.75,6.35,3.273.32
SANTA ANITA,02/10/2025,08:00,58.40,84.51,116.34,62.38,5.78,3.181.02
SANTA ANITA,02/10/2025,07:00,51.00,75.92,115.61,60.43,5.61,3.045.72
SANTA ANITA,02/10/2025,06:00,45.62,68.10,114.41,59.81,5.84,2.851.31
SANTA ANITA,02/10/2025,05:00,55.59,80.74,113.08,59.50,5.68,2.782.71
SANTA ANITA,02/10/2025,04:00,57.62,83.81,111.48,60.93,5.55,2.781.31
SANTA ANITA,02/10/2025,03:00,46.25,68.04,110.08,61.63,5.78,2.810.44
SANTA ANITA,02/10/2025,02:00,41.80,62.07,110.17,62.35,5.39,2.907.64
SANTA ANITA,02/10/2025,01:00,39.81,59.23,109.37,63.73,5.44,2.988.05
SANTA ANITA,02/10/2025,00:00,37.65,55.53,107.77,66.04,5.50,3.118.21
SANTA ANITA,01/10/2025,23:00,35.14,52.60,104.52,67.24,5.22,3.194.01
SANTA ANITA,01/10/2025,22:00,33.88,50.77,102.49,67.63,5.24,3.025.59
SANTA ANITA,01/10/2025,21:00,32.57,48.69,99.04,69.56,5.25,2.961.15
SANTA ANITA,01/10/2025,20:00,29.98,44.67,94.11,72.45,5.76,2.975.63
SANTA ANITA,01/10/2025,19:00,27.91,41.81,90.20,82.87,5.83,2.949.23
SANTA ANITA,01/10/2025,18:00,25.62,51.03,87.36,94.94,6.21,2.907.97
SANTA ANITA,03/10/2025,18:00,29.49,74.29,141.02,88.98,7.77,2.813.57
SANTA ANITA,03/10/2025,17:00,25.00,69.60,140.77,85.24,10.17,2.788.29
SANTA ANITA,03/10/2025,16:00,26.19,65.44,142.30,87.20,12.64,2.812.17
SANTA ANITA,03/10/2025,15:00,31.67,69.50,145.01,82.16,14.94,2.780.28
SANTA ANITA,03/10/2025,14:00,36.77,75.70,146.59,76.10,16.97,2.780.39
SANTA ANITA,03/10/2025,13:00,44.52,86.48,145.50,70.90,13.88,2.738.23
SANTA ANITA,03/10/2025,12:00,45.75,81.15,143.33,62.58,12.35,2.717.83
SANTA ANITA,03/10/2025,11:00,51.12,77.35,140.99,63.05,8.44,2.838.28
SANTA ANITA,03/10/2025,10:00,47.66,69.37,138.85,63.04,7.01,2.915.04
SANTA ANITA,03/10/2025,09:00,40.91,59.25,138.03,61.19,6.02,2.929.57
SANTA ANITA,03/10/2025,08:00,34.80,50.24,137.10,62.22,5.55,2.766.31
SANTA ANITA,03/10/2025,07:00,32.24,46.26,135.54,60.37,5.37,2.608.95
SANTA ANITA,03/10/2025,06:00,28.63,41.52,134.65,57.88,5.57,2.577.25
SANTA ANITA,03/10/2025,05:00,32.16,46.53,133.54,58.19,5.59,2.601.05
SANTA ANITA,03/10/2025,04:00,37.75,54.73,132.27,58.83,5.10,2.600.48
SANTA ANITA,03/10/2025,03:00,34.50,49.25,130.88,58.95,5.34,2.633.60
SANTA ANITA,03/10/2025,02:00,36.91,53.91,129.55,60.82,5.14,2.708.84
SANTA ANITA,03/10/2025,01:00,37.09,54.77,128.08,61.97,5.19,2.813.25
SANTA ANITA,03/10/2025,00:00,43.32,63.54,126.48,62.99,5.09,2.917.24
SANTA ANITA,02/10/2025,23:00,36.37,53.99,125.42,64.05,5.27,2.989.48
SANTA ANITA,02/10/2025,22:00,31.65,47.33,123.96,65.79,5.26,3.022.70
SANTA ANITA,02/10/2025,21:00,25.12,37.53,122.12,66.92,5.12,3.027.09
SANTA ANITA,02/10/2025,20:00,26.64,39.92,117.82,68.58,5.75,3.015.82
SANTA ANITA,02/10/2025,19:00,28.39,42.56,113.56,80.48,6.01,2.957.55
SANTA ANITA,02/10/2025,18:00,21.80,43.20,109.75,94.73,6.67,2.877.49
SANTA ANITA,02/10/2025,17:00,19.77,42.87,107.54,98.54,9.56,2.882.05
SANTA ANITA,02/10/2025,16:00,19.65,42.93,106.85,98.26,11.84,2.909.79
SANTA ANITA,02/10/2025,15:00,22.28,47.98,109.12,104.12,13.86,2.964.95
SANTA ANITA,02/10/2025,14:00,24.25,48.46,114.13,103.19,15.91,2.981.26
SANTA ANITA,02/10/2025,13:00,28.15,57.20,119.92,100.32,18.06,3.026.23
SANTA ANITA,02/10/2025,12:00,34.59,64.05,122.50,93.87,15.78,3.076.27
SANTA ANITA,02/10/2025,11:00,41.24,73.08,121.37,82.83,8.72,3.170.65
SANTA ANITA,02/10/2025,10:00,58.54,91.38,118.54,74.58,7.97,3.241.81
SANTA ANITA,02/10/2025,09:00,73.30,105.88,117.42,66.75,6.35,3.273.32
SANTA ANITA,02/10/2025,08:00,58.40,84.51,116.34,62.38,5.78,3.181.02
SANTA ANITA,02/10/2025,07:00,51.00,75.92,115.61,60.43,5.61,3.045.72
SANTA ANITA,02/10/2025,06:00,45.62,68.10,114.41,59.81,5.84,2.851.31
SANTA ANITA,02/10/2025,05:00,55.59,80.74,113.08,59.50,5.68,2.782.71
SANTA ANITA,02/10/2025,04:00,57.62,83.81,111.48,60.93,5.55,2.781.31
SANTA ANITA,02/10/2025,03:00,46.25,68.04,110.08,61.63,5.78,2.810.44
SANTA ANITA,02/10/2025,02:00,41.80,62.07,110.17,62.35,5.39,2.907.64
SANTA ANITA,02/10/2025,01:00,39.81,59.23,109.37,63.73,5.44,2.988.05
SANTA ANITA,02/10/2025,00:00,37.65,55.53,107.77,66.04,5.50,3.118.21
SANTA ANITA,01/10/2025,23:00,35.14,52.60,104.52,67.24,5.22,3.194.01
SANTA ANITA,01/10/2025,22:00,33.88,50.77,102.49,67.63,5.24,3.025.59
SANTA ANITA,01/10/2025,21:00,32.57,48.69,99.04,69.56,5.25,2.961.15
SANTA ANITA,01/10/2025,20:00,29.98,44.67,94.11,72.45,5.76,2.975.63
SANTA ANITA,01/10/2025,19:00,27.91,41.81,90.20,82.87,5.83,2.949.23
SANTA ANITA,01/10/2025,18:00,25.62,51.03,87.36,94.94,6.21,2.907.97
SAN JUAN DE LURIGANCHO,03/10/2025,18:00,20.91,36.87,0.93,50.52,4.91,1.434.34
SAN JUAN DE LURIGANCHO,03/10/2025,17:00,19.66,40.64,1.08,48.83,4.64,1.531.69
SAN JUAN DE LURIGANCHO,03/10/2025,16:00,21.66,45.08,1.23,51.16,4.73,1.473.69
SAN JUAN DE LURIGANCHO,03/10/2025,15:00,24.67,44.05,1.33,48.98,4.97,1.370.63
SAN JUAN DE LURIGANCHO,03/10/2025,14:00,29.73,51.17,1.54,44.97,4.99,1.381.59
SAN JUAN DE LURIGANCHO,03/10/2025,13:00,33.56,51.13,1.68,40.21,4.40,1.333.12
SAN JUAN DE LURIGANCHO,03/10/2025,12:00,35.33,46.62,1.85,35.39,4.11,1.329.98
SAN JUAN DE LURIGANCHO,03/10/2025,11:00,39.87,51.73,2.17,34.32,4.24,1.391.44
SAN JUAN DE LURIGANCHO,03/10/2025,10:00,37.39,49.42,2.42,30.72,3.97,1.380.75
SAN JUAN DE LURIGANCHO,03/10/2025,09:00,34.98,44.74,2.87,28.09,3.68,1.294.98
SAN JUAN DE LURIGANCHO,03/10/2025,08:00,33.16,43.24,3.22,24.35,3.54,1.031.59
SAN JUAN DE LURIGANCHO,03/10/2025,07:00,25.95,33.53,3.13,22.86,3.43,783.67
SAN JUAN DE LURIGANCHO,03/10/2025,06:00,19.93,23.69,3.25,21.89,3.51,720.30
SAN JUAN DE LURIGANCHO,03/10/2025,05:00,28.01,32.37,3.22,22.29,3.25,758.81
SAN JUAN DE LURIGANCHO,03/10/2025,04:00,32.27,36.98,3.18,22.08,3.38,769.52
SAN JUAN DE LURIGANCHO,03/10/2025,03:00,30.66,35.05,3.09,22.74,3.30,839.73
SAN JUAN DE LURIGANCHO,03/10/2025,02:00,29.31,34.19,3.06,22.92,3.36,941.91
SAN JUAN DE LURIGANCHO,03/10/2025,01:00,27.85,32.89,2.91,23.71,3.47,1.074.73
SAN JUAN DE LURIGANCHO,03/10/2025,00:00,23.77,29.28,2.85,24.73,3.38,1.209.38
SAN JUAN DE LURIGANCHO,02/10/2025,23:00,20.05,25.82,2.69,26.01,3.05,1.346.23
SAN JUAN DE LURIGANCHO,02/10/2025,22:00,19.06,26.24,2.58,27.24,3.51,1.427.13
SAN JUAN DE LURIGANCHO,02/10/2025,21:00,18.70,26.54,2.40,29.18,3.61,1.479.88
SAN JUAN DE LURIGANCHO,02/10/2025,20:00,19.84,29.78,2.28,32.22,3.55,1.469.36
SAN JUAN DE LURIGANCHO,02/10/2025,19:00,22.74,37.41,2.08,38.28,3.91,1.349.10
SAN JUAN DE LURIGANCHO,02/10/2025,18:00,19.86,32.42,1.90,43.28,4.14,1.261.70
SAN JUAN DE LURIGANCHO,02/10/2025,17:00,18.97,34.33,1.93,44.19,4.14,1.194.54
SAN JUAN DE LURIGANCHO,02/10/2025,16:00,16.57,35.38,1.93,43.80,4.31,1.135.41
SAN JUAN DE LURIGANCHO,02/10/2025,15:00,17.39,39.32,1.98,47.99,4.33,1.110.73
SAN JUAN DE LURIGANCHO,02/10/2025,14:00,19.66,41.61,2.13,50.76,3.98,1.146.01
SAN JUAN DE LURIGANCHO,02/10/2025,13:00,25.08,48.34,2.26,51.84,4.62,1.203.49
SAN JUAN DE LURIGANCHO,02/10/2025,12:00,30.91,51.90,,46.45,3.84,1.274.53
SAN JUAN DE LURIGANCHO,02/10/2025,11:00,33.39,46.36,,40.49,3.97,1.359.66
SAN JUAN DE LURIGANCHO,02/10/2025,10:00,42.16,54.67,,38.07,3.73,1.499.62
SAN JUAN DE LURIGANCHO,02/10/2025,09:00,53.57,68.65,,31.38,3.50,1.511.66
SAN JUAN DE LURIGANCHO,02/10/2025,08:00,44.43,55.66,,26.44,3.25,1.410.09
SAN JUAN DE LURIGANCHO,02/10/2025,07:00,40.44,50.78,,23.48,3.12,1.207.35
SAN JUAN DE LURIGANCHO,02/10/2025,06:00,36.39,43.71,,22.81,3.26,978.63
SAN JUAN DE LURIGANCHO,02/10/2025,05:00,35.99,42.97,,23.01,3.48,976.60
SAN JUAN DE LURIGANCHO,02/10/2025,04:00,36.66,43.94,,24.01,3.27,1.019.82
SAN JUAN DE LURIGANCHO,02/10/2025,03:00,33.22,40.79,,25.09,3.18,1.143.18
SAN JUAN DE LURIGANCHO,02/10/2025,02:00,25.61,33.26,,26.41,3.32,1.325.85
SAN JUAN DE LURIGANCHO,02/10/2025,01:00,26.87,36.28,,28.14,3.18,1.570.48
SAN JUAN DE LURIGANCHO,02/10/2025,00:00,28.66,40.40,,29.89,3.41,1.772.28
SAN JUAN DE LURIGANCHO,01/10/2025,23:00,31.20,45.57,,30.19,3.70,1.671.77
SAN JUAN DE LURIGANCHO,01/10/2025,22:00,29.77,43.13,,30.20,3.47,1.484.00
SAN JUAN DE LURIGANCHO,01/10/2025,21:00,26.26,37.37,,30.91,3.21,1.412.32
SAN JUAN DE LURIGANCHO,01/10/2025,20:00,22.24,32.08,,33.37,3.47,1.408.73
SAN JUAN DE LURIGANCHO,01/10/2025,19:00,20.81,32.43,,38.85,3.84,1.390.62
SAN JUAN DE LURIGANCHO,01/10/2025,18:00,25.56,40.22,,48.69,3.95,1.380.92
SAN JUAN DE LURIGANCHO,03/10/2025,18:00,20.91,36.87,0.93,50.52,4.91,1.434.34
SAN JUAN DE LURIGANCHO,03/10/2025,17:00,19.66,40.64,1.08,48.83,4.64,1.531.69
SAN JUAN DE LURIGANCHO,03/10/2025,16:00,21.66,45.08,1.23,51.16,4.73,1.473.69
SAN JUAN DE LURIGANCHO,03/10/2025,15:00,24.67,44.05,1.33,48.98,4.97,1.370.63
SAN JUAN DE LURIGANCHO,03/10/2025,14:00,29.73,51.17,1.54,44.97,4.99,1.381.59
SAN JUAN DE LURIGANCHO,03/10/2025,13:00,33.56,51.13,1.68,40.21,4.40,1.333.12
SAN JUAN DE LURIGANCHO,03/10/2025,12:00,35.33,46.62,1.85,35.39,4.11,1.329.98
SAN JUAN DE LURIGANCHO,03/10/2025,11:00,39.87,51.73,2.17,34.32,4.24,1.391.44
SAN JUAN DE LURIGANCHO,03/10/2025,10:00,37.39,49.42,2.42,30.72,3.97,1.380.75
SAN JUAN DE LURIGANCHO,03/10/2025,09:00,34.98,44.74,2.87,28.09,3.68,1.294.98
SAN JUAN DE LURIGANCHO,03/10/2025,08:00,33.16,43.24,3.22,24.35,3.54,1.031.59
SAN JUAN DE LURIGANCHO,03/10/2025,07:00,25.95,33.53,3.13,22.86,3.43,783.67
SAN JUAN DE LURIGANCHO,03/10/2025,06:00,19.93,23.69,3.25,21.89,3.51,720.30
SAN JUAN DE LURIGANCHO,03/10/2025,05:00,28.01,32.37,3.22,22.29,3.25,758.81
SAN JUAN DE LURIGANCHO,03/10/2025,04:00,32.27,36.98,3.18,22.08,3.38,769.52
SAN JUAN DE LURIGANCHO,03/10/2025,03:00,30.66,35.05,3.09,22.74,3.30,839.73
SAN JUAN DE LURIGANCHO,03/10/2025,02:00,29.31,34.19,3.06,22.92,3.36,941.91
SAN JUAN DE LURIGANCHO,03/10/2025,01:00,27.85,32.89,2.91,23.71,3.47,1.074.73
SAN JUAN DE LURIGANCHO,03/10/2025,00:00,23.77,29.28,2.85,24.73,3.38,1.209.38
SAN JUAN DE LURIGANCHO,02/10/2025,23:00,20.05,25.82,2.69,26.01,3.05,1.346.23
SAN JUAN DE LURIGANCHO,02/10/2025,22:00,19.06,26.24,2.58,27.24,3.51,1.427.13
SAN JUAN DE LURIGANCHO,02/10/2025,21:00,18.70,26.54,2.40,29.18,3.61,1.479.88
SAN JUAN DE LURIGANCHO,02/10/2025,20:00,19.84,29.78,2.28,32.22,3.55,1.469.36
SAN JUAN DE LURIGANCHO,02/10/2025,19:00,22.74,37.41,2.08,38.28,3.91,1.349.10
SAN JUAN DE LURIGANCHO,02/10/2025,18:00,19.86,32.42,1.90,43.28,4.14,1.261.70
SAN JUAN DE LURIGANCHO,02/10/2025,17:00,18.97,34.33,1.93,44.19,4.14,1.194.54
SAN JUAN DE LURIGANCHO,02/10/2025,16:00,16.57,35.38,1.93,43.80,4.31,1.135.41
SAN JUAN DE LURIGANCHO,02/10/2025,15:00,17.39,39.32,1.98,47.99,4.33,1.110.73
SAN JUAN DE LURIGANCHO,02/10/2025,14:00,19.66,41.61,2.13,50.76,3.98,1.146.01
SAN JUAN DE LURIGANCHO,02/10/2025,13:00,25.08,48.34,2.26,51.84,4.62,1.203.49
SAN JUAN DE LURIGANCHO,02/10/2025,12:00,30.91,51.90,,46.45,3.84,1.274.53
SAN JUAN DE LURIGANCHO,02/10/2025,11:00,33.39,46.36,,40.49,3.97,1.359.66
SAN JUAN DE LURIGANCHO,02/10/2025,10:00,42.16,54.67,,38.07,3.73,1.499.62
SAN JUAN DE LURIGANCHO,02/10/2025,09:00,53.57,68.65,,31.38,3.50,1.511.66
SAN JUAN DE LURIGANCHO,02/10/2025,08:00,44.43,55.66,,26.44,3.25,1.410.09
SAN JUAN DE LURIGANCHO,02/10/2025,07:00,40.44,50.78,,23.48,3.12,1.207.35
SAN JUAN DE LURIGANCHO,02/10/2025,06:00,36.39,43.71,,22.81,3.26,978.63
SAN JUAN DE LURIGANCHO,02/10/2025,05:00,35.99,42.97,,23.01,3.48,976.60
SAN JUAN DE LURIGANCHO,02/10/2025,04:00,36.66,43.94,,24.01,3.27,1.019.82
SAN JUAN DE LURIGANCHO,02/10/2025,03:00,33.22,40.79,,25.09,3.18,1.143.18
SAN JUAN DE LURIGANCHO,02/10/2025,02:00,25.61,33.26,,26.41,3.32,1.325.85
SAN JUAN DE LURIGANCHO,02/10/2025,01:00,26.87,36.28,,28.14,3.18,1.570.48
SAN JUAN DE LURIGANCHO,02/10/2025,00:00,28.66,40.40,,29.89,3.41,1.772.28
SAN JUAN DE LURIGANCHO,01/10/2025,23:00,31.20,45.57,,30.19,3.70,1.671.77
SAN JUAN DE LURIGANCHO,01/10/2025,22:00,29.77,43.13,,30.20,3.47,1.484.00
SAN JUAN DE LURIGANCHO,01/10/2025,21:00,26.26,37.37,,30.91,3.21,1.412.32
SAN JUAN DE LURIGANCHO,01/10/2025,20:00,22.24,32.08,,33.37,3.47,1.408.73
SAN JUAN DE LURIGANCHO,01/10/2025,19:00,20.81,32.43,,38.85,3.84,1.390.62
SAN JUAN DE LURIGANCHO,01/10/2025,18:00,25.56,40.22,,48.69,3.95,1.380.92
CERES (CRS),03/10/2025,18:00,,,15.43,42.71,14.85,
CERES (CRS),03/10/2025,17:00,,,15.04,34.37,35.93,
CERES (CRS),03/10/2025,16:00,,,21.90,29.82,60.41,
CERES (CRS),03/10/2025,15:00,,,27.82,30.85,70.56,
CERES (CRS),03/10/2025,14:00,,,29.68,31.64,67.82,
CERES (CRS),03/10/2025,13:00,,,24.52,31.92,63.76,
CERES (CRS),03/10/2025,12:00,,,19.33,31.11,42.12,
CERES (CRS),03/10/2025,11:00,,,11.43,28.52,28.83,
CERES (CRS),03/10/2025,10:00,,,6.31,30.16,17.54,
CERES (CRS),03/10/2025,09:00,,,7.37,29.57,12.00,
CERES (CRS),03/10/2025,08:00,,,5.75,29.16,8.05,
CERES (CRS),03/10/2025,07:00,,,5.50,27.09,6.53,
CERES (CRS),03/10/2025,06:00,,,6.88,26.62,4.90,
CERES (CRS),03/10/2025,05:00,,,7.79,25.62,4.47,
CERES (CRS),03/10/2025,04:00,,,6.42,25.21,4.83,
CERES (CRS),03/10/2025,03:00,,,7.57,25.66,4.51,
CERES (CRS),03/10/2025,02:00,,,10.98,25.77,4.89,
CERES (CRS),03/10/2025,01:00,,,23.61,26.83,4.74,
CERES (CRS),03/10/2025,00:00,,,25.96,27.69,5.31,
CERES (CRS),02/10/2025,23:00,,,17.28,28.86,5.05,
CERES (CRS),02/10/2025,22:00,,,9.74,30.19,4.94,
CERES (CRS),02/10/2025,21:00,,,12.24,31.62,4.83,
CERES (CRS),02/10/2025,20:00,,,12.74,32.34,5.29,
CERES (CRS),02/10/2025,19:00,,,6.67,36.64,5.50,
CERES (CRS),02/10/2025,18:00,,,4.30,33.52,21.40,
CERES (CRS),02/10/2025,17:00,,,3.93,27.00,47.43,
CERES (CRS),02/10/2025,16:00,,,3.60,24.06,66.09,
CERES (CRS),02/10/2025,15:00,,,6.05,27.02,90.89,
CERES (CRS),02/10/2025,14:00,,,7.20,31.08,108.43,
CERES (CRS),02/10/2025,13:00,,,10.05,37.13,102.04,
CERES (CRS),02/10/2025,12:00,,,14.06,43.79,83.28,
CERES (CRS),02/10/2025,11:00,,,20.22,45.95,55.08,
CERES (CRS),02/10/2025,10:00,,,24.68,46.34,33.97,
CERES (CRS),02/10/2025,09:00,,,17.82,37.17,17.68,
CERES (CRS),02/10/2025,08:00,,,12.33,31.32,8.53,
CERES (CRS),02/10/2025,07:00,,,13.11,29.50,6.23,
CERES (CRS),02/10/2025,06:00,,,12.93,26.00,5.39,
CERES (CRS),02/10/2025,05:00,,,12.20,25.87,5.07,
CERES (CRS),02/10/2025,04:00,,,14.27,26.26,4.69,
CERES (CRS),02/10/2025,03:00,,,14.98,27.28,5.14,
CERES (CRS),02/10/2025,02:00,,,14.08,28.24,4.75,
CERES (CRS),02/10/2025,01:00,,,25.65,29.61,4.95,
CERES (CRS),02/10/2025,00:00,,,31.70,33.14,5.00,
CERES (CRS),01/10/2025,23:00,,,25.28,35.02,5.05,
CERES (CRS),01/10/2025,22:00,,,17.66,34.40,5.40,
CERES (CRS),01/10/2025,21:00,,,14.81,34.10,4.86,
CERES (CRS),01/10/2025,20:00,,,11.88,33.78,5.00,
CERES (CRS),01/10/2025,19:00,,,10.60,34.80,4.93,
CERES (CRS),01/10/2025,18:00,,,8.41,35.98,11.38,
CERES (CRS),03/10/2025,18:00,,,15.43,42.71,14.85,
CERES (CRS),03/10/2025,17:00,,,15.04,34.37,35.93,
CERES (CRS),03/10/2025,16:00,,,21.90,29.82,60.41,
CERES (CRS),03/10/2025,15:00,,,27.82,30.85,70.56,
CERES (CRS),03/10/2025,14:00,,,29.68,31.64,67.82,
CERES (CRS),03/10/2025,13:00,,,24.52,31.92,63.76,
CERES (CRS),03/10/2025,12:00,,,19.33,31.11,42.12,
CERES (CRS),03/10/2025,11:00,,,11.43,28.52,28.83,
CERES (CRS),03/10/2025,10:00,,,6.31,30.16,17.54,
CERES (CRS),03/10/2025,09:00,,,7.37,29.57,12.00,
CERES (CRS),03/10/2025,08:00,,,5.75,29.16,8.05,
CERES (CRS),03/10/2025,07:00,,,5.50,27.09,6.53,
CERES (CRS),03/10/2025,06:00,,,6.88,26.62,4.90,
CERES (CRS),03/10/2025,05:00,,,7.79,25.62,4.47,
CERES (CRS),03/10/2025,04:00,,,6.42,25.21,4.83,
CERES (CRS),03/10/2025,03:00,,,7.57,25.66,4.51,
CERES (CRS),03/10/2025,02:00,,,10.98,25.77,4.89,
CERES (CRS),03/10/2025,01:00,,,23.61,26.83,4.74,
CERES (CRS),03/10/2025,00:00,,,25.96,27.69,5.31,
CERES (CRS),02/10/2025,23:00,,,17.28,28.86,5.05,
CERES (CRS),02/10/2025,22:00,,,9.74,30.19,4.94,
CERES (CRS),02/10/2025,21:00,,,12.24,31.62,4.83,
CERES (CRS),02/10/2025,20:00,,,12.74,32.34,5.29,
CERES (CRS),02/10/2025,19:00,,,6.67,36.64,5.50,
CERES (CRS),02/10/2025,18:00,,,4.30,33.52,21.40,
CERES (CRS),02/10/2025,17:00,,,3.93,27.00,47.43,
CERES (CRS),02/10/2025,16:00,,,3.60,24.06,66.09,
CERES (CRS),02/10/2025,15:00,,,6.05,27.02,90.89,
CERES (CRS),02/10/2025,14:00,,,7.20,31.08,108.43,
CERES (CRS),02/10/2025,13:00,,,10.05,37.13,102.04,
CERES (CRS),02/10/2025,12:00,,,14.06,43.79,83.28,
CERES (CRS),02/10/2025,11:00,,,20.22,45.95,55.08,
CERES (CRS),02/10/2025,10:00,,,24.68,46.34,33.97,
CERES (CRS),02/10/2025,09:00,,,17.82,37.17,17.68,
CERES (CRS),02/10/2025,08:00,,,12.33,31.32,8.53,
CERES (CRS),02/10/2025,07:00,,,13.11,29.50,6.23,
CERES (CRS),02/10/2025,06:00,,,12.93,26.00,5.39,
CERES (CRS),02/10/2025,05:00,,,12.20,25.87,5.07,
CERES (CRS),02/10/2025,04:00,,,14.27,26.26,4.69,
CERES (CRS),02/10/2025,03:00,,,14.98,27.28,5.14,
CERES (CRS),02/10/2025,02:00,,,14.08,28.24,4.75,
CERES (CRS),02/10/2025,01:00,,,25.65,29.61,4.95,
CERES (CRS),02/10/2025,00:00,,,31.70,33.14,5.00,
CERES (CRS),01/10/2025,23:00,,,25.28,35.02,5.05,
CERES (CRS),01/10/2025,22:00,,,17.66,34.40,5.40,
CERES (CRS),01/10/2025,21:00,,,14.81,34.10,4.86,
CERES (CRS),01/10/2025,20:00,,,11.88,33.78,5.00,
CERES (CRS),01/10/2025,19:00,,,10.60,34.80,4.93,
CERES (CRS),01/10/2025,18:00,,,8.41,35.98,11.38,
CARABAYLLO,03/10/2025,18:00,,,9.49,50.44,7.05,1.607.70
CARABAYLLO,03/10/2025,17:00,,,9.99,51.40,9.77,1.657.15
CARABAYLLO,03/10/2025,16:00,,,9.95,52.23,11.85,1.582.40
CARABAYLLO,03/10/2025,15:00,,,10.11,52.55,12.19,1.530.65
CARABAYLLO,03/10/2025,14:00,,,10.63,53.73,12.48,1.535.25
CARABAYLLO,03/10/2025,13:00,,,10.57,50.05,10.28,1.458.20
CARABAYLLO,03/10/2025,12:00,,,10.76,47.24,7.43,1.473.15
CARABAYLLO,03/10/2025,11:00,,,11.14,50.14,5.87,1.599.65
CARABAYLLO,03/10/2025,10:00,,,11.24,48.65,4.99,1.645.65
CARABAYLLO,03/10/2025,09:00,,,11.11,45.27,4.33,1.628.40
CARABAYLLO,03/10/2025,08:00,,,10.46,40.72,4.48,1.496.15
CARABAYLLO,03/10/2025,07:00,,,9.97,35.33,4.53,1.316.75
CARABAYLLO,03/10/2025,06:00,,,9.65,32.32,3.75,1.204.05
CARABAYLLO,03/10/2025,05:00,,,9.84,30.57,4.44,1.173.00
CARABAYLLO,03/10/2025,04:00,,,9.94,31.19,4.65,1.199.45
CARABAYLLO,03/10/2025,03:00,,,9.75,32.56,4.04,1.269.60
CARABAYLLO,03/10/2025,02:00,,,9.79,33.48,3.78,1.361.60
CARABAYLLO,03/10/2025,01:00,,,9.94,35.40,3.74,1.512.25
CARABAYLLO,03/10/2025,00:00,,,10.33,37.86,4.05,1.674.40
CARABAYLLO,02/10/2025,23:00,,,10.28,39.84,4.08,1.802.05
CARABAYLLO,02/10/2025,22:00,,,10.18,40.42,4.24,1.823.90
CARABAYLLO,02/10/2025,21:00,,,9.46,40.72,4.65,1.818.15
CARABAYLLO,02/10/2025,20:00,,,9.35,41.74,4.41,1.819.30
CARABAYLLO,02/10/2025,19:00,,,9.11,43.56,4.97,1.699.70
CARABAYLLO,02/10/2025,18:00,,,9.37,43.86,6.69,1.577.80
CARABAYLLO,02/10/2025,17:00,,,8.93,42.64,10.27,1.511.10
CARABAYLLO,02/10/2025,16:00,,,8.98,43.82,11.84,1.472.00
CARABAYLLO,02/10/2025,15:00,,,9.38,49.44,13.45,1.495.00
CARABAYLLO,02/10/2025,14:00,,,9.00,47.62,17.17,1.461.65
CARABAYLLO,02/10/2025,13:00,,,8.41,47.68,25.21,1.457.05
CARABAYLLO,02/10/2025,12:00,,,9.51,46.61,40.61,1.437.50
CARABAYLLO,02/10/2025,11:00,,,140.01,51.62,16.86,1.873.35
CARABAYLLO,02/10/2025,10:00,,,12.80,56.89,8.34,1.919.35
CARABAYLLO,02/10/2025,09:00,,,12.20,57.66,5.41,2.038.95
CARABAYLLO,02/10/2025,08:00,,,11.87,50.68,4.85,1.927.40
CARABAYLLO,02/10/2025,07:00,,,11.59,39.63,4.34,1.749.15
CARABAYLLO,02/10/2025,06:00,,,10.95,37.54,3.94,1.607.70
CARABAYLLO,02/10/2025,05:00,,,10.92,38.71,3.73,1.558.25
CARABAYLLO,02/10/2025,04:00,,,11.44,40.68,4.26,1.577.80
CARABAYLLO,02/10/2025,03:00,,,11.75,44.24,4.64,1.624.95
CARABAYLLO,02/10/2025,02:00,,,12.69,48.37,4.21,1.679.00
CARABAYLLO,02/10/2025,01:00,,,13.00,52.04,4.42,1.677.85
CARABAYLLO,02/10/2025,00:00,,,12.83,55.22,4.26,1.623.80
CARABAYLLO,01/10/2025,23:00,,,13.68,57.57,4.59,1.524.90
CARABAYLLO,01/10/2025,22:00,,,14.03,56.10,5.07,1.592.75
CARABAYLLO,01/10/2025,21:00,,,12.68,55.54,4.69,2.064.25
CARABAYLLO,01/10/2025,20:00,,,9.85,56.29,5.61,3.188.95
CARABAYLLO,01/10/2025,19:00,,,9.01,57.34,5.30,4.304.45
CARABAYLLO,01/10/2025,18:00,,,9.64,62.34,7.60,4.702.35
CARABAYLLO,03/10/2025,18:00,,,9.49,50.44,7.05,1.607.70
CARABAYLLO,03/10/2025,17:00,,,9.99,51.40,9.77,1.657.15
CARABAYLLO,03/10/2025,16:00,,,9.95,52.23,11.85,1.582.40
CARABAYLLO,03/10/2025,15:00,,,10.11,52.55,12.19,1.530.65
CARABAYLLO,03/10/2025,14:00,,,10.63,53.73,12.48,1.535.25
CARABAYLLO,03/10/2025,13:00,,,10.57,50.05,10.28,1.458.20
CARABAYLLO,03/10/2025,12:00,,,10.76,47.24,7.43,1.473.15
CARABAYLLO,03/10/2025,11:00,,,11.14,50.14,5.87,1.599.65
CARABAYLLO,03/10/2025,10:00,,,11.24,48.65,4.99,1.645.65
CARABAYLLO,03/10/2025,09:00,,,11.11,45.27,4.33,1.628.40
CARABAYLLO,03/10/2025,08:00,,,10.46,40.72,4.48,1.496.15
CARABAYLLO,03/10/2025,07:00,,,9.97,35.33,4.53,1.316.75
CARABAYLLO,03/10/2025,06:00,,,9.65,32.32,3.75,1.204.05
CARABAYLLO,03/10/2025,05:00,,,9.84,30.57,4.44,1.173.00
CARABAYLLO,03/10/2025,04:00,,,9.94,31.19,4.65,1.199.45
CARABAYLLO,03/10/2025,03:00,,,9.75,32.56,4.04,1.269.60
CARABAYLLO,03/10/2025,02:00,,,9.79,33.48,3.78,1.361.60
CARABAYLLO,03/10/2025,01:00,,,9.94,35.40,3.74,1.512.25
CARABAYLLO,03/10/2025,00:00,,,10.33,37.86,4.05,1.674.40
CARABAYLLO,02/10/2025,23:00,,,10.28,39.84,4.08,1.802.05
CARABAYLLO,02/10/2025,22:00,,,10.18,40.42,4.24,1.823.90
CARABAYLLO,02/10/2025,21:00,,,9.46,40.72,4.65,1.818.15
CARABAYLLO,02/10/2025,20:00,,,9.35,41.74,4.41,1.819.30
CARABAYLLO,02/10/2025,19:00,,,9.11,43.56,4.97,1.699.70
CARABAYLLO,02/10/2025,18:00,,,9.37,43.86,6.69,1.577.80
CARABAYLLO,02/10/2025,17:00,,,8.93,42.64,10.27,1.511.10
CARABAYLLO,02/10/2025,16:00,,,8.98,43.82,11.84,1.472.00
CARABAYLLO,02/10/2025,15:00,,,9.38,49.44,13.45,1.495.00
CARABAYLLO,02/10/2025,14:00,,,9.00,47.62,17.17,1.461.65
CARABAYLLO,02/10/2025,13:00,,,8.41,47.68,25.21,1.457.05
CARABAYLLO,02/10/2025,12:00,,,9.51,46.61,40.61,1.437.50
CARABAYLLO,02/10/2025,11:00,,,140.01,51.62,16.86,1.873.35
CARABAYLLO,02/10/2025,10:00,,,12.80,56.89,8.34,1.919.35
CARABAYLLO,02/10/2025,09:00,,,12.20,57.66,5.41,2.038.95
CARABAYLLO,02/10/2025,08:00,,,11.87,50.68,4.85,1.927.40
CARABAYLLO,02/10/2025,07:00,,,11.59,39.63,4.34,1.749.15
CARABAYLLO,02/10/2025,06:00,,,10.95,37.54,3.94,1.607.70
CARABAYLLO,02/10/2025,05:00,,,10.92,38.71,3.73,1.558.25
CARABAYLLO,02/10/2025,04:00,,,11.44,40.68,4.26,1.577.80
CARABAYLLO,02/10/2025,03:00,,,11.75,44.24,4.64,1.624.95
CARABAYLLO,02/10/2025,02:00,,,12.69,48.37,4.21,1.679.00
CARABAYLLO,02/10/2025,01:00,,,13.00,52.04,4.42,1.677.85
CARABAYLLO,02/10/2025,00:00,,,12.83,55.22,4.26,1.623.80
CARABAYLLO,01/10/2025,23:00,,,13.68,57.57,4.59,1.524.90
CARABAYLLO,01/10/2025,22:00,,,14.03,56.10,5.07,1.592.75
CARABAYLLO,01/10/2025,21:00,,,12.68,55.54,4.69,2.064.25
CARABAYLLO,01/10/2025,20:00,,,9.85,56.29,5.61,3.188.95
CARABAYLLO,01/10/2025,19:00,,,9.01,57.34,5.30,4.304.45
CARABAYLLO,01/10/2025,18:00,,,9.64,62.34,7.60,4.702.35
SAN MARTIN DE PORRES,03/10/2025,18:00,19.21,29.75,6.55,48.43,2.37,725.69
SAN MARTIN DE PORRES,03/10/2025,17:00,17.36,30.59,6.90,46.59,2.40,737.46
SAN MARTIN DE PORRES,03/10/2025,16:00,18.54,29.60,6.76,46.48,2.47,746.79
SAN MARTIN DE PORRES,03/10/2025,15:00,21.66,33.93,7.64,46.70,2.66,737.57
SAN MARTIN DE PORRES,03/10/2025,14:00,22.02,34.98,7.64,48.12,2.53,757.66
SAN MARTIN DE PORRES,03/10/2025,13:00,29.20,51.33,7.51,47.36,2.50,789.38
SAN MARTIN DE PORRES,03/10/2025,12:00,27.22,37.89,8.04,45.78,2.15,829.67
SAN MARTIN DE PORRES,03/10/2025,11:00,26.92,37.27,8.31,44.88,2.15,875.53
SAN MARTIN DE PORRES,03/10/2025,10:00,25.53,35.76,8.33,44.15,1.73,900.49
SAN MARTIN DE PORRES,03/10/2025,09:00,24.93,35.02,8.03,43.46,1.89,894.57
SAN MARTIN DE PORRES,03/10/2025,08:00,23.54,33.92,7.52,42.68,1.80,820.41
SAN MARTIN DE PORRES,03/10/2025,07:00,18.46,26.90,7.48,40.98,1.74,712.39
SAN MARTIN DE PORRES,03/10/2025,06:00,15.09,20.24,7.58,38.84,2.20,652.07
SAN MARTIN DE PORRES,03/10/2025,05:00,14.32,18.63,8.06,37.91,1.95,610.19
SAN MARTIN DE PORRES,03/10/2025,04:00,14.36,19.43,8.09,37.68,2.25,600.01
SAN MARTIN DE PORRES,03/10/2025,03:00,12.57,16.44,7.99,37.75,2.30,596.18
SAN MARTIN DE PORRES,03/10/2025,02:00,14.16,18.57,7.69,38.40,2.02,649.08
SAN MARTIN DE PORRES,03/10/2025,01:00,15.21,20.72,7.14,39.37,1.94,673.04
SAN MARTIN DE PORRES,03/10/2025,00:00,15.26,21.38,6.86,40.12,1.61,719.34
SAN MARTIN DE PORRES,02/10/2025,23:00,15.56,21.67,6.82,40.69,1.81,737.67
SAN MARTIN DE PORRES,02/10/2025,22:00,16.62,23.81,8.42,41.70,1.66,740.18
SAN MARTIN DE PORRES,02/10/2025,21:00,15.76,22.39,7.73,42.13,1.81,746.01
SAN MARTIN DE PORRES,02/10/2025,20:00,13.90,19.79,7.55,42.70,1.58,788.69
SAN MARTIN DE PORRES,02/10/2025,19:00,14.75,21.23,7.84,42.37,1.76,770.83
SAN MARTIN DE PORRES,02/10/2025,18:00,16.15,23.24,7.61,41.34,1.59,713.10
SAN MARTIN DE PORRES,02/10/2025,17:00,16.90,24.66,7.47,40.50,1.81,692.34
SAN MARTIN DE PORRES,02/10/2025,16:00,14.68,22.85,7.72,40.55,2.14,692.63
SAN MARTIN DE PORRES,02/10/2025,15:00,15.15,28.35,7.59,42.06,1.86,687.72
SAN MARTIN DE PORRES,02/10/2025,14:00,16.93,25.83,7.73,44.03,2.43,706.29
SAN MARTIN DE PORRES,02/10/2025,13:00,20.51,34.64,7.31,44.77,2.40,712.50
SAN MARTIN DE PORRES,02/10/2025,12:00,22.84,37.76,7.54,45.83,2.11,733.78
SAN MARTIN DE PORRES,02/10/2025,11:00,25.98,35.43,7.92,44.88,2.22,760.30
SAN MARTIN DE PORRES,02/10/2025,10:00,26.72,36.67,8.50,43.60,1.75,813.86
SAN MARTIN DE PORRES,02/10/2025,09:00,31.73,43.46,8.18,43.18,1.97,844.04
SAN MARTIN DE PORRES,02/10/2025,08:00,26.45,35.13,8.01,43.00,1.70,805.58
SAN MARTIN DE PORRES,02/10/2025,07:00,29.43,39.70,8.53,43.25,1.66,725.75
SAN MARTIN DE PORRES,02/10/2025,06:00,28.13,36.68,8.43,40.67,1.73,689.21
SAN MARTIN DE PORRES,02/10/2025,05:00,28.60,35.86,8.10,39.98,1.56,687.03
SAN MARTIN DE PORRES,02/10/2025,04:00,32.73,41.28,7.85,40.25,1.58,692.11
SAN MARTIN DE PORRES,02/10/2025,03:00,31.04,39.71,8.19,41.10,1.52,713.90
SAN MARTIN DE PORRES,02/10/2025,02:00,26.92,34.54,8.10,42.28,1.55,759.77
SAN MARTIN DE PORRES,02/10/2025,01:00,23.31,31.46,8.45,43.29,1.63,813.61
SAN MARTIN DE PORRES,02/10/2025,00:00,24.12,32.11,8.03,44.61,1.60,848.41
SAN MARTIN DE PORRES,01/10/2025,23:00,25.62,34.75,8.17,46.55,1.82,877.41
SAN MARTIN DE PORRES,01/10/2025,22:00,28.31,38.40,8.50,48.15,1.53,872.37
SAN MARTIN DE PORRES,01/10/2025,21:00,24.67,33.28,8.30,48.46,1.41,847.30
SAN MARTIN DE PORRES,01/10/2025,20:00,17.78,23.97,8.17,48.10,1.57,834.46
SAN MARTIN DE PORRES,01/10/2025,19:00,16.93,23.47,7.90,49.21,1.62,824.07
SAN MARTIN DE PORRES,01/10/2025,18:00,19.28,27.82,8.51,48.00,1.72,826.54
SAN MARTIN DE PORRES,03/10/2025,18:00,19.21,29.75,6.55,48.43,2.37,725.69
SAN MARTIN DE PORRES,03/10/2025,17:00,17.36,30.59,6.90,46.59,2.40,737.46
SAN MARTIN DE PORRES,03/10/2025,16:00,18.54,29.60,6.76,46.48,2.47,746.79
SAN MARTIN DE PORRES,03/10/2025,15:00,21.66,33.93,7.64,46.70,2.66,737.57
SAN MARTIN DE PORRES,03/10/2025,14:00,22.02,34.98,7.64,48.12,2.53,757.66
SAN MARTIN DE PORRES,03/10/2025,13:00,29.20,51.33,7.51,47.36,2.50,789.38
SAN MARTIN DE PORRES,03/10/2025,12:00,27.22,37.89,8.04,45.78,2.15,829.67
SAN MARTIN DE PORRES,03/10/2025,11:00,26.92,37.27,8.31,44.88,2.15,875.53
SAN MARTIN DE PORRES,03/10/2025,10:00,25.53,35.76,8.33,44.15,1.73,900.49
SAN MARTIN DE PORRES,03/10/2025,09:00,24.93,35.02,8.03,43.46,1.89,894.57
SAN MARTIN DE PORRES,03/10/2025,08:00,23.54,33.92,7.52,42.68,1.80,820.41
SAN MARTIN DE PORRES,03/10/2025,07:00,18.46,26.90,7.48,40.98,1.74,712.39
SAN MARTIN DE PORRES,03/10/2025,06:00,15.09,20.24,7.58,38.84,2.20,652.07
SAN MARTIN DE PORRES,03/10/2025,05:00,14.32,18.63,8.06,37.91,1.95,610.19
SAN MARTIN DE PORRES,03/10/2025,04:00,14.36,19.43,8.09,37.68,2.25,600.01
SAN MARTIN DE PORRES,03/10/2025,03:00,12.57,16.44,7.99,37.75,2.30,596.18
SAN MARTIN DE PORRES,03/10/2025,02:00,14.16,18.57,7.69,38.40,2.02,649.08
SAN MARTIN DE PORRES,03/10/2025,01:00,15.21,20.72,7.14,39.37,1.94,673.04
SAN MARTIN DE PORRES,03/10/2025,00:00,15.26,21.38,6.86,40.12,1.61,719.34
SAN MARTIN DE PORRES,02/10/2025,23:00,15.56,21.67,6.82,40.69,1.81,737.67
SAN MARTIN DE PORRES,02/10/2025,22:00,16.62,23.81,8.42,41.70,1.66,740.18
SAN MARTIN DE PORRES,02/10/2025,21:00,15.76,22.39,7.73,42.13,1.81,746.01
SAN MARTIN DE PORRES,02/10/2025,20:00,13.90,19.79,7.55,42.70,1.58,788.69
SAN MARTIN DE PORRES,02/10/2025,19:00,14.75,21.23,7.84,42.37,1.76,770.83
SAN MARTIN DE PORRES,02/10/2025,18:00,16.15,23.24,7.61,41.34,1.59,713.10
SAN MARTIN DE PORRES,02/10/2025,17:00,16.90,24.66,7.47,40.50,1.81,692.34
SAN MARTIN DE PORRES,02/10/2025,16:00,14.68,22.85,7.72,40.55,2.14,692.63
SAN MARTIN DE PORRES,02/10/2025,15:00,15.15,28.35,7.59,42.06,1.86,687.72
SAN MARTIN DE PORRES,02/10/2025,14:00,16.93,25.83,7.73,44.03,2.43,706.29
SAN MARTIN DE PORRES,02/10/2025,13:00,20.51,34.64,7.31,44.77,2.40,712.50
SAN MARTIN DE PORRES,02/10/2025,12:00,22.84,37.76,7.54,45.83,2.11,733.78
SAN MARTIN DE PORRES,02/10/2025,11:00,25.98,35.43,7.92,44.88,2.22,760.30
SAN MARTIN DE PORRES,02/10/2025,10:00,26.72,36.67,8.50,43.60,1.75,813.86
SAN MARTIN DE PORRES,02/10/2025,09:00,31.73,43.46,8.18,43.18,1.97,844.04
SAN MARTIN DE PORRES,02/10/2025,08:00,26.45,35.13,8.01,43.00,1.70,805.58
SAN MARTIN DE PORRES,02/10/2025,07:00,29.43,39.70,8.53,43.25,1.66,725.75
SAN MARTIN DE PORRES,02/10/2025,06:00,28.13,36.68,8.43,40.67,1.73,689.21
SAN MARTIN DE PORRES,02/10/2025,05:00,28.60,35.86,8.10,39.98,1.56,687.03
SAN MARTIN DE PORRES,02/10/2025,04:00,32.73,41.28,7.85,40.25,1.58,692.11
SAN MARTIN DE PORRES,02/10/2025,03:00,31.04,39.71,8.19,41.10,1.52,713.90
SAN MARTIN DE PORRES,02/10/2025,02:00,26.92,34.54,8.10,42.28,1.55,759.77
SAN MARTIN DE PORRES,02/10/2025,01:00,23.31,31.46,8.45,43.29,1.63,813.61
SAN MARTIN DE PORRES,02/10/2025,00:00,24.12,32.11,8.03,44.61,1.60,848.41
SAN MARTIN DE PORRES,01/10/2025,23:00,25.62,34.75,8.17,46.55,1.82,877.41
SAN MARTIN DE PORRES,01/10/2025,22:00,28.31,38.40,8.50,48.15,1.53,872.37
SAN MARTIN DE PORRES,01/10/2025,21:00,24.67,33.28,8.30,48.46,1.41,847.30
SAN MARTIN DE PORRES,01/10/2025,20:00,17.78,23.97,8.17,48.10,1.57,834.46
SAN MARTIN DE PORRES,01/10/2025,19:00,16.93,23.47,7.90,49.21,1.62,824.07
SAN MARTIN DE PORRES,01/10/2025,18:00,19.28,27.82,8.51,48.00,1.72,826.54
PUENTE PIEDRA,03/10/2025,18:00,21.43,,12.70,54.41,19.13,
PUENTE PIEDRA,03/10/2025,17:00,29.41,,13.49,44.48,34.71,
PUENTE PIEDRA,03/10/2025,16:00,26.77,,15.04,33.22,45.94,
PUENTE PIEDRA,03/10/2025,15:00,27.23,,14.58,29.18,54.49,
PUENTE PIEDRA,03/10/2025,14:00,33.50,,12.63,32.00,59.60,
PUENTE PIEDRA,03/10/2025,13:00,36.98,,12.30,41.34,47.67,
PUENTE PIEDRA,03/10/2025,12:00,31.33,,12.69,40.04,35.04,
PUENTE PIEDRA,03/10/2025,11:00,26.89,,12.97,43.67,20.21,
PUENTE PIEDRA,03/10/2025,10:00,27.38,,14.12,28.46,19.48,
PUENTE PIEDRA,03/10/2025,09:00,26.56,,17.11,26.26,16.13,
PUENTE PIEDRA,03/10/2025,08:00,23.74,,20.33,23.16,14.07,
PUENTE PIEDRA,03/10/2025,07:00,19.93,,22.24,23.61,11.40,
PUENTE PIEDRA,03/10/2025,06:00,21.95,,18.00,22.47,11.97,
PUENTE PIEDRA,03/10/2025,05:00,20.00,,18.79,22.11,11.78,
PUENTE PIEDRA,03/10/2025,04:00,17.81,,18.29,24.63,9.89,
PUENTE PIEDRA,03/10/2025,03:00,18.71,,18.57,23.65,10.26,
PUENTE PIEDRA,03/10/2025,02:00,14.87,,20.35,24.14,9.52,
PUENTE PIEDRA,03/10/2025,01:00,12.50,,15.44,24.31,9.40,
PUENTE PIEDRA,03/10/2025,00:00,13.90,,14.57,24.83,9.31,
PUENTE PIEDRA,02/10/2025,23:00,14.58,,12.98,25.85,9.24,
PUENTE PIEDRA,02/10/2025,22:00,12.92,,13.08,28.59,9.61,
PUENTE PIEDRA,02/10/2025,21:00,18.17,,14.79,28.63,9.41,
PUENTE PIEDRA,02/10/2025,20:00,7.83,,13.42,29.91,9.74,
PUENTE PIEDRA,02/10/2025,19:00,14.02,,11.99,41.38,12.15,
PUENTE PIEDRA,02/10/2025,18:00,26.45,,11.71,37.17,19.78,
PUENTE PIEDRA,02/10/2025,17:00,21.07,,12.20,36.94,31.36,
PUENTE PIEDRA,02/10/2025,16:00,23.45,,13.99,27.58,43.06,
PUENTE PIEDRA,02/10/2025,15:00,23.11,,14.15,20.98,59.04,
PUENTE PIEDRA,02/10/2025,14:00,17.10,,13.58,20.62,61.25,
PUENTE PIEDRA,02/10/2025,13:00,24.47,,12.53,18.74,57.70,
PUENTE PIEDRA,02/10/2025,12:00,35.87,,11.65,28.82,52.86,
PUENTE PIEDRA,02/10/2025,11:00,42.31,,11.89,42.02,39.38,
PUENTE PIEDRA,02/10/2025,10:00,48.27,,12.28,45.55,28.79,
PUENTE PIEDRA,02/10/2025,09:00,39.44,,12.66,34.97,18.72,
PUENTE PIEDRA,02/10/2025,08:00,31.47,,12.97,28.20,13.48,
PUENTE PIEDRA,02/10/2025,07:00,36.44,,13.28,23.63,10.60,
PUENTE PIEDRA,02/10/2025,06:00,28.55,,13.56,22.90,9.54,
PUENTE PIEDRA,02/10/2025,05:00,18.01,,13.65,29.57,9.18,
PUENTE PIEDRA,02/10/2025,04:00,23.29,,13.51,30.53,9.25,
PUENTE PIEDRA,02/10/2025,03:00,24.36,,14.00,26.90,9.50,
PUENTE PIEDRA,02/10/2025,02:00,24.91,,14.64,28.59,9.37,
PUENTE PIEDRA,02/10/2025,01:00,21.01,,16.01,29.40,9.31,
PUENTE PIEDRA,02/10/2025,00:00,27.81,,16.42,31.53,9.29,
PUENTE PIEDRA,01/10/2025,23:00,24.89,,15.96,31.17,9.28,
PUENTE PIEDRA,01/10/2025,22:00,22.57,,13.96,34.35,8.86,
PUENTE PIEDRA,01/10/2025,21:00,25.20,,12.50,50.63,8.62,
PUENTE PIEDRA,01/10/2025,20:00,16.90,,12.06,50.95,8.99,
PUENTE PIEDRA,01/10/2025,19:00,11.68,,11.88,54.44,9.81,
PUENTE PIEDRA,01/10/2025,18:00,16.22,,11.42,56.98,18.91,
PUENTE PIEDRA,03/10/2025,18:00,21.43,,12.70,54.41,19.13,
PUENTE PIEDRA,03/10/2025,17:00,29.41,,13.49,44.48,34.71,
PUENTE PIEDRA,03/10/2025,16:00,26.77,,15.04,33.22,45.94,
PUENTE PIEDRA,03/10/2025,15:00,27.23,,14.58,29.18,54.49,
PUENTE PIEDRA,03/10/2025,14:00,33.50,,12.63,32.00,59.60,
PUENTE PIEDRA,03/10/2025,13:00,36.98,,12.30,41.34,47.67,
PUENTE PIEDRA,03/10/2025,12:00,31.33,,12.69,40.04,35.04,
PUENTE PIEDRA,03/10/2025,11:00,26.89,,12.97,43.67,20.21,
PUENTE PIEDRA,03/10/2025,10:00,27.38,,14.12,28.46,19.48,
PUENTE PIEDRA,03/10/2025,09:00,26.56,,17.11,26.26,16.13,
PUENTE PIEDRA,03/10/2025,08:00,23.74,,20.33,23.16,14.07,
PUENTE PIEDRA,03/10/2025,07:00,19.93,,22.24,23.61,11.40,
PUENTE PIEDRA,03/10/2025,06:00,21.95,,18.00,22.47,11.97,
PUENTE PIEDRA,03/10/2025,05:00,20.00,,18.79,22.11,11.78,
PUENTE PIEDRA,03/10/2025,04:00,17.81,,18.29,24.63,9.89,
PUENTE PIEDRA,03/10/2025,03:00,18.71,,18.57,23.65,10.26,
PUENTE PIEDRA,03/10/2025,02:00,14.87,,20.35,24.14,9.52,
PUENTE PIEDRA,03/10/2025,01:00,12.50,,15.44,24.31,9.40,
PUENTE PIEDRA,03/10/2025,00:00,13.90,,14.57,24.83,9.31,
PUENTE PIEDRA,02/10/2025,23:00,14.58,,12.98,25.85,9.24,
PUENTE PIEDRA,02/10/2025,22:00,12.92,,13.08,28.59,9.61,
PUENTE PIEDRA,02/10/2025,21:00,18.17,,14.79,28.63,9.41,
PUENTE PIEDRA,02/10/2025,20:00,7.83,,13.42,29.91,9.74,
PUENTE PIEDRA,02/10/2025,19:00,14.02,,11.99,41.38,12.15,
PUENTE PIEDRA,02/10/2025,18:00,26.45,,11.71,37.17,19.78,
PUENTE PIEDRA,02/10/2025,17:00,21.07,,12.20,36.94,31.36,
PUENTE PIEDRA,02/10/2025,16:00,23.45,,13.99,27.58,43.06,
PUENTE PIEDRA,02/10/2025,15:00,23.11,,14.15,20.98,59.04,
PUENTE PIEDRA,02/10/2025,14:00,17.10,,13.58,20.62,61.25,
PUENTE PIEDRA,02/10/2025,13:00,24.47,,12.53,18.74,57.70,
PUENTE PIEDRA,02/10/2025,12:00,35.87,,11.65,28.82,52.86,
PUENTE PIEDRA,02/10/2025,11:00,42.31,,11.89,42.02,39.38,
PUENTE PIEDRA,02/10/2025,10:00,48.27,,12.28,45.55,28.79,
PUENTE PIEDRA,02/10/2025,09:00,39.44,,12.66,34.97,18.72,
PUENTE PIEDRA,02/10/2025,08:00,31.47,,12.97,28.20,13.48,
PUENTE PIEDRA,02/10/2025,07:00,36.44,,13.28,23.63,10.60,
PUENTE PIEDRA,02/10/2025,06:00,28.55,,13.56,22.90,9.54,
PUENTE PIEDRA,02/10/2025,05:00,18.01,,13.65,29.57,9.18,
PUENTE PIEDRA,02/10/2025,04:00,23.29,,13.51,30.53,9.25,
PUENTE PIEDRA,02/10/2025,03:00,24.36,,14.00,26.90,9.50,
PUENTE PIEDRA,02/10/2025,02:00,24.91,,14.64,28.59,9.37,
PUENTE PIEDRA,02/10/2025,01:00,21.01,,16.01,29.40,9.31,
PUENTE PIEDRA,02/10/2025,00:00,27.81,,16.42,31.53,9.29,
PUENTE PIEDRA,01/10/2025,23:00,24.89,,15.96,31.17,9.28,
PUENTE PIEDRA,01/10/2025,22:00,22.57,,13.96,34.35,8.86,
PUENTE PIEDRA,01/10/2025,21:00,25.20,,12.50,50.63,8.62,
PUENTE PIEDRA,01/10/2025,20:00,16.90,,12.06,50.95,8.99,
PUENTE PIEDRA,01/10/2025,19:00,11.68,,11.88,54.44,9.81,
PUENTE PIEDRA,01/10/2025,18:00,16.22,,11.42,56.98,18.91,
PARIACHI,03/10/2025,19:00,28.86,35.20,13.89,108.94,3.95,"3,669.65"
SAN BORJA,03/10/2025,19:00,18.19,74.53,22.93,35.61,13.65,"1,168.40"
VILLA MARIA DEL TRIUNFO,03/10/2025,19:00,,,,,5.20,"1,346.65"
CAMPO DE MARTE,03/10/2025,19:00,20.36,30.52,8.73,23.16,4.18,724.50
SANTA ANITA,03/10/2025,19:00,29.32,56.74,142.96,88.08,6.28,"2,967.82"
SAN JUAN DE LURIGANCHO,03/10/2025,19:00,24.77,39.93,1.09,53.75,4.71,"1,658.55"
CERES (CRS),03/10/2025,19:00,,,17.64,48.37,5.64,
CARABAYLLO,03/10/2025,19:00,,,9.52,53.26,4.77,"1,699.70"
SAN MARTIN DE PORRES,03/10/2025,19:00,19.35,27.61,6.73,49.25,1.99,787.87
PUENTE PIEDRA,03/10/2025,19:00,14.33,,13.08,51.46,10.80,
PARIACHI,03/10/2025,20:00,26.50,31.64,14.41,109.47,4.18,"3,950.25"
SAN BORJA,03/10/2025,20:00,16.06,52.83,23.87,33.28,12.54,"1,191.40"
VILLA MARIA DEL TRIUNFO,03/10/2025,20:00,,,,,4.91,"1,434.05"
CAMPO DE MARTE,03/10/2025,20:00,20.64,30.91,8.59,23.16,4.17,752.10
SANTA ANITA,03/10/2025,20:00,27.67,41.49,146.16,76.35,5.53,"3,084.45"
SAN JUAN DE LURIGANCHO,03/10/2025,20:00,23.25,34.88,1.19,45.73,4.57,"1,636.01"
CERES (CRS),03/10/2025,20:00,,,18.64,41.19,5.75,
CARABAYLLO,03/10/2025,20:00,,,9.57,54.16,4.70,"1,871.05"
SAN MARTIN DE PORRES,03/10/2025,20:00,18.53,26.69,7.13,49.03,1.71,874.59
PUENTE PIEDRA,03/10/2025,20:00,15.23,,13.70,54.60,9.76,
PARIACHI,03/10/2025,21:00,23.54,29.42,14.83,108.69,4.26,0.00
SAN BORJA,03/10/2025,21:00,16.10,50.25,23.16,32.69,7.10,"1,228.20"
VILLA MARIA DEL TRIUNFO,03/10/2025,21:00,,,,,4.79,"1,475.45"
CAMPO DE MARTE,03/10/2025,21:00,21.11,31.61,8.73,22.92,4.21,749.80
SANTA ANITA,03/10/2025,21:00,31.04,46.55,149.26,72.93,5.32,"3,111.12"
SAN JUAN DE LURIGANCHO,03/10/2025,21:00,26.17,36.75,1.51,41.38,3.94,"1,697.63"
CERES (CRS),03/10/2025,21:00,,,19.60,39.61,5.51,
CARABAYLLO,03/10/2025,21:00,,,11.65,57.21,4.58,"2,097.60"
SAN MARTIN DE PORRES,03/10/2025,21:00,22.22,32.86,8.33,49.56,1.60,945.59
PUENTE PIEDRA,03/10/2025,21:00,17.56,,14.51,51.76,9.28,
PARIACHI,03/10/2025,22:00,21.05,24.91,14.58,104.80,4.47,"4,467.75"
SAN BORJA,03/10/2025,22:00,17.21,51.88,31.44,31.58,7.09,"1,230.50"
VILLA MARIA DEL TRIUNFO,03/10/2025,22:00,,,,,5.36,"1,493.85"
CAMPO DE MARTE,03/10/2025,22:00,22.87,34.28,8.89,23.07,4.09,676.20
SANTA ANITA,03/10/2025,22:00,31.94,47.91,152.56,71.99,5.58,"3,207.83"
SAN JUAN DE LURIGANCHO,03/10/2025,22:00,25.67,38.23,1.62,41.98,3.95,"1,955.35"
CERES (CRS),03/10/2025,22:00,,,20.49,40.38,5.52,
CARABAYLLO,03/10/2025,22:00,,,11.95,59.50,4.12,"2,191.90"
SAN MARTIN DE PORRES,03/10/2025,22:00,24.03,35.24,8.22,50.73,1.82,"1,009.36"
PUENTE PIEDRA,03/10/2025,22:00,23.41,,15.10,43.41,9.42,
PARIACHI,03/10/2025,23:00,38.57,47.17,14.80,103.35,4.82,"4,695.45"
SAN BORJA,03/10/2025,23:00,19.46,59.31,50.38,28.65,6.47,"1,097.10"
VILLA MARIA DEL TRIUNFO,03/10/2025,23:00,,,,,4.54,"1,473.15"
CAMPO DE MARTE,03/10/2025,23:00,24.66,36.96,8.98,22.75,4.18,715.30
SANTA ANITA,03/10/2025,23:00,27.29,40.90,153.90,70.24,5.40,"3,225.77"
SAN JUAN DE LURIGANCHO,03/10/2025,23:00,25.16,34.38,1.68,40.24,4.14,"1,946.64"
CERES (CRS),03/10/2025,23:00,,,25.62,37.51,5.58,
CARABAYLLO,03/10/2025,23:00,,,12.69,60.69,4.24,"2,248.25"
SAN MARTIN DE PORRES,03/10/2025,23:00,25.45,36.38,8.37,48.97,1.83,"1,026.43"
PUENTE PIEDRA,03/10/2025,23:00,28.17,,15.45,37.47,9.55,
PARIACHI,04/10/2025,00:00,37.21,44.48,15.24,100.62,4.70,"4,713.85"
SAN BORJA,04/10/2025,00:00,16.71,42.64,153.11,26.90,8.88,914.25
VILLA MARIA DEL TRIUNFO,04/10/2025,00:00,,,,,5.07,"1,453.60"
CAMPO DE MARTE,04/10/2025,00:00,22.08,32.94,8.77,22.30,4.25,729.10
SANTA ANITA,04/10/2025,00:00,28.72,42.99,153.92,66.02,5.39,"3,085.29"
SAN JUAN DE LURIGANCHO,04/10/2025,00:00,22.00,29.43,1.73,36.49,3.94,"1,753.77"
CERES (CRS),04/10/2025,00:00,,,20.61,33.26,5.07,
CARABAYLLO,04/10/2025,00:00,,,12.76,58.37,4.29,"2,159.70"
SAN MARTIN DE PORRES,04/10/2025,00:00,23.35,33.98,8.06,47.79,1.76,"1,011.83"
PUENTE PIEDRA,04/10/2025,00:00,19.80,,15.63,37.41,9.80,
PARIACHI,04/10/2025,01:00,21.78,24.75,15.11,96.24,4.35,"4,693.15"
SAN BORJA,04/10/2025,01:00,16.17,43.10,32.99,26.32,11.28,817.65
VILLA MARIA DEL TRIUNFO,04/10/2025,01:00,,,,,4.80,"1,384.60"
CAMPO DE MARTE,04/10/2025,01:00,20.07,29.95,8.77,22.30,4.29,709.55
SANTA ANITA,04/10/2025,01:00,29.27,43.85,154.95,63.26,5.36,"2,973.63"
SAN JUAN DE LURIGANCHO,04/10/2025,01:00,20.84,27.73,1.80,33.27,3.90,"1,586.48"
CERES (CRS),04/10/2025,01:00,,,24.16,31.36,5.61,
CARABAYLLO,04/10/2025,01:00,,,12.80,57.02,3.83,"2,038.95"
SAN MARTIN DE PORRES,04/10/2025,01:00,21.74,31.33,8.30,46.15,1.75,956.46
PUENTE PIEDRA,04/10/2025,01:00,25.16,,15.04,39.29,9.76,
PARIACHI,04/10/2025,02:00,43.35,50.91,15.10,93.84,4.83,"4,834.60"
SAN BORJA,04/10/2025,02:00,17.47,42.17,648.71,24.40,19.48,775.10
VILLA MARIA DEL TRIUNFO,04/10/2025,02:00,,,,,4.75,"1,322.50"
CAMPO DE MARTE,04/10/2025,02:00,19.79,28.89,8.67,21.96,4.07,719.90
SANTA ANITA,04/10/2025,02:00,25.26,37.45,156.06,58.89,5.33,"2,851.96"
SAN JUAN DE LURIGANCHO,04/10/2025,02:00,20.63,25.08,1.84,31.46,4.10,"1,328.40"
CERES (CRS),04/10/2025,02:00,,,21.12,29.22,5.17,
CARABAYLLO,04/10/2025,02:00,,,11.58,50.08,3.82,"1,790.55"
SAN MARTIN DE PORRES,04/10/2025,02:00,18.60,25.05,7.51,44.09,1.74,857.63
PUENTE PIEDRA,04/10/2025,02:00,25.23,,15.31,30.74,9.62,
PARIACHI,04/10/2025,03:00,65.61,74.75,15.42,89.21,4.42,"4,364.25"
SAN BORJA,04/10/2025,03:00,13.61,32.34,,23.69,33.93,657.80
VILLA MARIA DEL TRIUNFO,04/10/2025,03:00,,,,,4.96,"1,221.30"
CAMPO DE MARTE,04/10/2025,03:00,15.29,21.30,8.50,21.47,3.98,731.40
SANTA ANITA,04/10/2025,03:00,26.72,37.37,158.52,53.87,6.10,"2,619.59"
SAN JUAN DE LURIGANCHO,04/10/2025,03:00,19.03,20.97,1.84,27.28,4.07,"1,015.32"
CERES (CRS),04/10/2025,03:00,,,10.73,24.06,4.54,
CARABAYLLO,04/10/2025,03:00,,,10.68,42.21,3.36,"1,514.55"
SAN MARTIN DE PORRES,04/10/2025,03:00,16.05,19.56,7.87,41.04,1.89,738.17
PUENTE PIEDRA,04/10/2025,03:00,23.17,,15.36,47.24,9.29,
PARIACHI,04/10/2025,04:00,22.35,25.07,13.95,74.88,4.01,"3,506.35"
SAN BORJA,04/10/2025,04:00,11.43,27.72,18.72,22.67,36.34,595.70
VILLA MARIA DEL TRIUNFO,04/10/2025,04:00,,,,,4.59,"1,175.30"
CAMPO DE MARTE,04/10/2025,04:00,16.45,23.60,8.48,21.43,4.18,701.50
SANTA ANITA,04/10/2025,04:00,25.08,35.16,164.19,52.76,5.93,"2,504.87"
SAN JUAN DE LURIGANCHO,04/10/2025,04:00,19.75,21.35,1.97,23.80,4.00,803.20
CERES (CRS),04/10/2025,04:00,,,11.25,26.41,4.62,
CARABAYLLO,04/10/2025,04:00,,,10.41,35.02,3.52,"1,285.70"
SAN MARTIN DE PORRES,04/10/2025,04:00,18.12,22.36,7.61,39.79,1.94,669.70
PUENTE PIEDRA,04/10/2025,04:00,18.54,,14.15,55.44,10.45,
PARIACHI,04/10/2025,05:00,26.20,28.95,12.48,67.63,4.40,0.00
SAN BORJA,04/10/2025,05:00,12.39,28.67,22.66,21.83,32.73,601.45
VILLA MARIA DEL TRIUNFO,04/10/2025,05:00,,,,,4.49,"1,152.30"
CAMPO DE MARTE,04/10/2025,05:00,18.43,26.23,8.57,21.43,4.28,692.30
SANTA ANITA,04/10/2025,05:00,29.27,41.64,167.81,56.93,5.26,"2,507.29"
SAN JUAN DE LURIGANCHO,04/10/2025,05:00,22.03,24.31,2.02,25.71,3.97,822.29
CERES (CRS),04/10/2025,05:00,,,14.47,27.13,4.85,
CARABAYLLO,04/10/2025,05:00,,,9.52,34.07,3.11,"1,197.15"
SAN MARTIN DE PORRES,04/10/2025,05:00,21.51,26.95,7.44,40.08,1.68,658.85
PUENTE PIEDRA,04/10/2025,05:00,20.58,,14.97,46.77,10.26,
PARIACHI,04/10/2025,06:00,22.37,24.18,12.30,66.86,4.18,"3,240.70"
SAN BORJA,04/10/2025,06:00,17.68,40.12,55.83,23.41,18.72,658.95
VILLA MARIA DEL TRIUNFO,04/10/2025,06:00,,,,,5.09,"1,161.50"
CAMPO DE MARTE,04/10/2025,06:00,23.07,31.86,10.08,22.18,4.11,713.00
SANTA ANITA,04/10/2025,06:00,33.57,47.97,171.38,57.49,5.06,"2,550.43"
SAN JUAN DE LURIGANCHO,04/10/2025,06:00,25.02,27.71,2.01,26.73,3.62,899.86
CERES (CRS),04/10/2025,06:00,,,23.27,26.41,4.68,
CARABAYLLO,04/10/2025,06:00,,,10.06,36.11,3.72,"1,235.10"
SAN MARTIN DE PORRES,04/10/2025,06:00,23.71,28.91,7.73,40.49,1.68,667.00
PUENTE PIEDRA,04/10/2025,06:00,32.21,,16.14,38.11,9.59,
PARIACHI,04/10/2025,07:00,20.81,21.77,12.15,66.67,4.77,"3,444.25"
SAN BORJA,04/10/2025,07:00,21.26,54.07,,25.34,11.33,833.75
VILLA MARIA DEL TRIUNFO,04/10/2025,07:00,,,,,5.05,"1,227.05"
CAMPO DE MARTE,04/10/2025,07:00,26.53,37.36,10.19,22.43,4.17,678.50
SANTA ANITA,04/10/2025,07:00,42.34,60.71,175.39,57.04,5.58,"2,652.74"
SAN JUAN DE LURIGANCHO,04/10/2025,07:00,30.02,35.36,2.11,26.77,3.59,"1,083.49"
CERES (CRS),04/10/2025,07:00,,,19.82,26.08,6.31,
CARABAYLLO,04/10/2025,07:00,,,10.46,37.04,3.67,"1,354.70"
SAN MARTIN DE PORRES,04/10/2025,07:00,23.38,29.66,8.11,41.75,1.89,680.13
PUENTE PIEDRA,04/10/2025,07:00,34.22,,15.88,43.54,11.23,
PARIACHI,04/10/2025,08:00,36.04,40.79,12.40,73.00,4.75,"3,699.55"
SAN BORJA,04/10/2025,08:00,25.15,67.76,75.01,26.43,8.46,998.20
VILLA MARIA DEL TRIUNFO,04/10/2025,08:00,,,,,4.81,"1,328.25"
CAMPO DE MARTE,04/10/2025,08:00,32.99,47.10,11.89,22.71,4.23,763.60
SANTA ANITA,04/10/2025,08:00,44.54,65.21,178.93,57.02,5.94,"2,766.38"
SAN JUAN DE LURIGANCHO,04/10/2025,08:00,37.01,44.70,2.05,29.37,3.74,"1,290.86"
CERES (CRS),04/10/2025,08:00,,,22.61,28.90,9.76,
CARABAYLLO,04/10/2025,08:00,,,11.09,42.86,4.30,"1,443.25"
SAN MARTIN DE PORRES,04/10/2025,08:00,30.20,38.94,8.16,42.36,1.57,760.09
PUENTE PIEDRA,04/10/2025,08:00,32.70,,19.05,37.96,13.35,
PARIACHI,04/10/2025,09:00,38.96,46.94,13.40,89.48,5.48,"3,882.40"
SAN BORJA,04/10/2025,09:00,29.76,87.60,20.41,26.06,13.95,"1,058.00"
VILLA MARIA DEL TRIUNFO,04/10/2025,09:00,,,,,4.65,"1,381.15"
CAMPO DE MARTE,04/10/2025,09:00,39.27,57.98,11.89,22.60,4.15,744.05
SANTA ANITA,04/10/2025,09:00,48.95,82.53,181.90,56.76,6.12,"2,832.09"
SAN JUAN DE LURIGANCHO,04/10/2025,09:00,42.96,56.01,2.02,36.00,4.12,"1,384.77"
CERES (CRS),04/10/2025,09:00,,,28.40,33.29,20.29,
CARABAYLLO,04/10/2025,09:00,,,11.29,48.26,4.38,"1,493.85"
SAN MARTIN DE PORRES,04/10/2025,09:00,27.77,38.32,8.64,43.10,1.78,840.77
PUENTE PIEDRA,04/10/2025,09:00,35.92,,19.07,31.10,18.40,
PARIACHI,04/10/2025,10:00,43.05,56.89,14.48,110.13,5.01,"3,929.55"
SAN BORJA,04/10/2025,10:00,36.00,128.50,73.75,27.64,24.36,941.85
VILLA MARIA DEL TRIUNFO,04/10/2025,10:00,,,,,4.52,"1,439.80"
CAMPO DE MARTE,04/10/2025,10:00,31.74,51.56,11.26,22.11,4.19,684.25
SANTA ANITA,04/10/2025,10:00,45.06,87.53,186.61,65.01,7.27,"2,889.78"
SAN JUAN DE LURIGANCHO,04/10/2025,10:00,40.72,55.98,1.83,41.06,4.21,"1,447.08"
CERES (CRS),04/10/2025,10:00,,,46.92,39.82,27.07,
CARABAYLLO,04/10/2025,10:00,,,12.01,57.96,5.20,"1,623.80"
SAN MARTIN DE PORRES,04/10/2025,10:00,28.78,39.74,8.59,43.71,2.13,852.50
PUENTE PIEDRA,04/10/2025,10:00,47.31,,21.17,32.92,29.65,
PARIACHI,04/10/2025,11:00,48.28,76.78,16.56,115.48,5.07,"3,784.65"
SAN BORJA,04/10/2025,11:00,23.09,74.71,3.96,30.27,34.38,925.75
VILLA MARIA DEL TRIUNFO,04/10/2025,11:00,,,,,4.63,"1,455.90"
CAMPO DE MARTE,04/10/2025,11:00,22.67,39.38,10.48,21.75,4.24,710.70
SANTA ANITA,04/10/2025,11:00,37.25,74.73,189.18,75.28,9.69,"2,885.70"
SAN JUAN DE LURIGANCHO,04/10/2025,11:00,36.39,55.29,1.63,40.96,4.65,"1,521.78"
CERES (CRS),04/10/2025,11:00,,,34.40,38.11,40.63,
CARABAYLLO,04/10/2025,11:00,,,11.89,67.55,5.84,"1,716.95"
SAN MARTIN DE PORRES,04/10/2025,11:00,24.51,36.35,8.02,44.82,1.84,852.42
PUENTE PIEDRA,04/10/2025,11:00,41.98,,19.97,33.56,42.94,
PARIACHI,04/10/2025,12:00,35.34,70.73,16.54,113.38,6.35,"3,606.40"
SAN BORJA,04/10/2025,12:00,20.61,105.20,18.39,32.88,40.53,883.20
VILLA MARIA DEL TRIUNFO,04/10/2025,12:00,,,,,4.81,"1,438.65"
CAMPO DE MARTE,04/10/2025,12:00,14.52,32.54,10.15,21.60,4.04,709.55
SANTA ANITA,04/10/2025,12:00,28.13,62.10,188.40,71.92,14.79,"2,817.85"
SAN JUAN DE LURIGANCHO,04/10/2025,12:00,27.60,56.72,1.42,50.80,4.93,"1,533.07"
CERES (CRS),04/10/2025,12:00,,,22.82,30.76,54.39,
CARABAYLLO,04/10/2025,12:00,,,11.61,62.68,8.91,"1,645.65"
SAN MARTIN DE PORRES,04/10/2025,12:00,19.01,30.36,7.86,45.66,2.10,826.31
PUENTE PIEDRA,04/10/2025,12:00,39.84,,18.77,47.41,42.85,
PARIACHI,04/10/2025,13:00,37.68,91.50,15.88,102.08,7.84,"3,517.85"
SAN BORJA,04/10/2025,13:00,18.74,100.40,"2,166.74",33.80,40.16,828.00
VILLA MARIA DEL TRIUNFO,04/10/2025,13:00,,,,,5.42,"1,500.75"
CAMPO DE MARTE,04/10/2025,13:00,13.74,31.08,10.33,21.62,4.11,746.35
SANTA ANITA,04/10/2025,13:00,22.48,62.99,184.45,76.77,14.64,"2,801.09"
SAN JUAN DE LURIGANCHO,04/10/2025,13:00,20.93,44.17,1.23,51.48,4.71,"1,511.92"
CERES (CRS),04/10/2025,13:00,,,25.44,29.53,66.76,
CARABAYLLO,04/10/2025,13:00,,,10.82,60.14,12.16,"1,605.40"
SAN MARTIN DE PORRES,04/10/2025,13:00,15.48,28.76,8.10,46.08,2.26,808.97
PUENTE PIEDRA,04/10/2025,13:00,39.76,,16.69,55.08,49.47,
PARIACHI,04/10/2025,14:00,51.20,109.31,16.07,98.30,11.90,"3,502.90"
SAN BORJA,04/10/2025,14:00,18.60,85.00,"8,009.34",32.11,40.42,801.55
VILLA MARIA DEL TRIUNFO,04/10/2025,14:00,,,,,5.39,"1,420.25"
CAMPO DE MARTE,04/10/2025,14:00,15.54,32.58,10.36,21.73,4.07,742.90
SANTA ANITA,04/10/2025,14:00,24.49,72.69,179.95,80.30,13.81,"2,828.96"
SAN JUAN DE LURIGANCHO,04/10/2025,14:00,17.73,44.49,1.06,51.06,4.91,"1,547.10"
CERES (CRS),04/10/2025,14:00,,,24.60,29.59,66.03,
CARABAYLLO,04/10/2025,14:00,,,10.59,56.57,12.42,"1,616.90"
SAN MARTIN DE PORRES,04/10/2025,14:00,16.76,29.64,7.56,43.68,2.61,808.53
PUENTE PIEDRA,04/10/2025,14:00,28.66,,15.65,53.97,51.65,
PARIACHI,04/10/2025,15:00,48.13,323.17,16.26,100.57,9.92,"3,604.10"
SAN BORJA,04/10/2025,15:00,14.84,80.20,"8,011.96",30.06,35.32,782.00
VILLA MARIA DEL TRIUNFO,04/10/2025,15:00,,,,,4.98,"1,309.85"
CAMPO DE MARTE,04/10/2025,15:00,14.45,35.42,10.47,21.66,4.36,667.00
SANTA ANITA,04/10/2025,15:00,24.80,76.88,175.14,78.21,12.89,"2,822.48"
SAN JUAN DE LURIGANCHO,04/10/2025,15:00,18.33,44.05,0.98,41.92,4.58,"1,700.87"
CERES (CRS),04/10/2025,15:00,,,19.76,28.73,55.08,
CARABAYLLO,04/10/2025,15:00,,,10.52,54.73,11.16,"1,744.55"
SAN MARTIN DE PORRES,04/10/2025,15:00,16.79,32.88,7.00,42.80,2.34,797.14
PUENTE PIEDRA,04/10/2025,15:00,25.38,,16.16,50.27,39.44,
PARIACHI,04/10/2025,16:00,21.93,144.21,15.74,101.38,7.27,"3,562.70"
SAN BORJA,04/10/2025,16:00,16.64,89.30,"7,998.86",29.16,36.04,759.00
VILLA MARIA DEL TRIUNFO,04/10/2025,16:00,,,,,5.15,"1,240.85"
CAMPO DE MARTE,04/10/2025,16:00,14.08,34.68,10.47,21.73,4.17,693.45
SANTA ANITA,04/10/2025,16:00,25.09,77.38,174.29,71.19,12.12,"2,784.31"
SAN JUAN DE LURIGANCHO,04/10/2025,16:00,18.06,41.83,2.19,,4.89,"1,732.92"
CERES (CRS),04/10/2025,16:00,,,17.98,25.83,43.81,
CARABAYLLO,04/10/2025,16:00,,,10.23,54.03,10.41,"1,830.80"
SAN MARTIN DE PORRES,04/10/2025,16:00,15.91,32.13,7.16,42.98,2.55,803.62
PUENTE PIEDRA,04/10/2025,16:00,28.54,,14.95,49.54,35.48,
PARIACHI,04/10/2025,17:00,13.09,35.29,15.05,96.87,5.59,"3,592.60"
SAN BORJA,04/10/2025,17:00,17.20,81.10,"8,009.34",29.10,34.61,845.25
VILLA MARIA DEL TRIUNFO,04/10/2025,17:00,,,,,5.21,"1,232.80"
CAMPO DE MARTE,04/10/2025,17:00,15.31,36.01,10.25,21.88,4.49,694.60
SANTA ANITA,04/10/2025,17:00,23.81,65.44,176.49,71.21,10.77,"2,779.95"
SAN JUAN DE LURIGANCHO,04/10/2025,17:00,19.59,40.41,1.71,,4.47,"1,754.92"
CERES (CRS),04/10/2025,17:00,,,19.80,28.29,35.48,
CARABAYLLO,04/10/2025,17:00,,,10.50,54.20,8.88,"1,851.50"
SAN MARTIN DE PORRES,04/10/2025,17:00,16.40,29.86,7.47,43.27,2.08,820.18
PUENTE PIEDRA,04/10/2025,17:00,20.19,,13.43,48.58,27.09,
PARIACHI,04/10/2025,18:00,13.84,25.82,14.68,98.39,3.70,"3,589.15"
SAN BORJA,04/10/2025,18:00,16.49,63.43,"8,048.64",29.82,27.28,936.10
VILLA MARIA DEL TRIUNFO,04/10/2025,18:00,,,,,4.92,"1,271.90"
CAMPO DE MARTE,04/10/2025,18:00,15.36,23.61,9.03,22.15,4.07,670.45
SANTA ANITA,04/10/2025,18:00,24.18,59.63,178.23,79.16,6.98,"2,819.34"
SAN JUAN DE LURIGANCHO,04/10/2025,18:00,20.35,37.16,0.59,,4.85,"1,775.73"
CERES (CRS),04/10/2025,18:00,,,19.65,34.27,15.32,
CARABAYLLO,04/10/2025,18:00,,,9.88,53.64,6.92,"1,887.15"
SAN MARTIN DE PORRES,04/10/2025,18:00,16.78,24.00,7.74,44.83,1.99,849.35
PUENTE PIEDRA,04/10/2025,18:00,26.25,,13.43,48.43,16.84,
PARIACHI,04/10/2025,21:00,16.45,19.06,13.79,93.82,4.10,"4,157.25"
SAN BORJA,04/10/2025,21:00,16.84,51.65,"8,077.46",28.63,18.91,986.70
VILLA MARIA DEL TRIUNFO,04/10/2025,21:00,,,,,4.51,"1,508.80"
CAMPO DE MARTE,04/10/2025,21:00,15.88,23.52,8.49,22.20,4.05,737.15
SANTA ANITA,04/10/2025,21:00,26.58,39.08,185.39,65.47,5.18,"2,964.45"
SAN JUAN DE LURIGANCHO,04/10/2025,21:00,16.58,21.77,1.53,38.71,4.29,"1,457.99"
CERES (CRS),04/10/2025,21:00,,,16.00,32.20,5.18,
CARABAYLLO,04/10/2025,21:00,,,10.37,55.01,4.16,"1,943.50"
SAN MARTIN DE PORRES,04/10/2025,21:00,15.17,20.96,7.98,44.46,1.86,877.05
PUENTE PIEDRA,04/10/2025,21:00,24.45,,15.20,56.78,9.93,
PARIACHI,04/10/2025,22:00,14.15,15.20,13.94,86.49,3.79,"3,989.35"
SAN BORJA,04/10/2025,22:00,14.25,37.40,"6,324.68",28.46,23.83,930.35
VILLA MARIA DEL TRIUNFO,04/10/2025,22:00,,,,,4.68,"1,447.85"
CAMPO DE MARTE,04/10/2025,22:00,16.39,23.97,8.59,21.96,4.34,685.40
SANTA ANITA,04/10/2025,22:00,27.83,41.03,191.05,62.95,5.35,"2,863.77"
SAN JUAN DE LURIGANCHO,04/10/2025,22:00,18.87,22.95,1.62,34.48,3.83,"1,328.61"
CERES (CRS),04/10/2025,22:00,,,21.06,30.96,4.97,
CARABAYLLO,04/10/2025,22:00,,,10.18,44.80,3.96,"1,777.90"
SAN MARTIN DE PORRES,04/10/2025,22:00,16.44,22.13,7.52,43.61,1.87,819.41
PUENTE PIEDRA,04/10/2025,22:00,25.55,,16.45,44.57,9.26,
PARIACHI,04/10/2025,23:00,13.43,14.07,13.26,78.38,4.03,0.00
SAN BORJA,04/10/2025,23:00,16.18,44.22,"4,757.92",28.37,19.35,937.25
VILLA MARIA DEL TRIUNFO,04/10/2025,23:00,,,,,4.90,"1,454.75"
CAMPO DE MARTE,04/10/2025,23:00,19.93,29.29,9.16,22.30,4.12,688.85
SANTA ANITA,04/10/2025,23:00,27.17,40.28,192.32,63.05,5.23,"2,866.41"
SAN JUAN DE LURIGANCHO,04/10/2025,23:00,19.07,23.21,1.79,33.20,3.53,"1,327.23"
CERES (CRS),04/10/2025,23:00,,,21.90,30.08,5.39,
CARABAYLLO,04/10/2025,23:00,,,10.19,38.80,4.30,"1,692.80"
SAN MARTIN DE PORRES,04/10/2025,23:00,18.22,24.87,7.12,43.59,1.56,798.48
PUENTE PIEDRA,04/10/2025,23:00,19.26,,15.96,30.76,9.19,
PARIACHI,05/10/2025,00:00,13.68,13.89,12.96,74.00,3.80,"3,721.40"
SAN BORJA,05/10/2025,00:00,21.78,52.80,355.80,28.09,14.49,868.25
VILLA MARIA DEL TRIUNFO,05/10/2025,00:00,,,,,5.16,"1,413.35"
CAMPO DE MARTE,05/10/2025,00:00,21.14,30.55,9.01,22.20,4.08,738.30
SANTA ANITA,05/10/2025,00:00,29.65,44.13,194.34,63.17,5.24,"2,894.34"
SAN JUAN DE LURIGANCHO,05/10/2025,00:00,21.71,25.77,1.75,32.63,3.91,"1,264.54"
CERES (CRS),05/10/2025,00:00,,,16.52,29.72,5.37,
CARABAYLLO,05/10/2025,00:00,,,10.24,38.62,4.18,"1,718.10"
SAN MARTIN DE PORRES,05/10/2025,00:00,17.76,24.13,7.58,42.75,1.88,765.90
PUENTE PIEDRA,05/10/2025,00:00,12.89,,15.78,38.18,9.59,
PARIACHI,05/10/2025,01:00,12.73,13.04,12.54,69.66,4.59,"3,682.30"
SAN BORJA,05/10/2025,01:00,19.41,50.78,"6,398.04",27.45,19.87,813.05
VILLA MARIA DEL TRIUNFO,05/10/2025,01:00,,,,,4.45,"1,403.00"
CAMPO DE MARTE,05/10/2025,01:00,23.38,34.09,8.86,22.39,4.08,747.50
SANTA ANITA,05/10/2025,01:00,30.29,45.03,196.83,63.87,5.07,"2,882.84"
SAN JUAN DE LURIGANCHO,05/10/2025,01:00,28.98,34.61,2.00,31.76,3.52,"1,324.49"
CERES (CRS),05/10/2025,01:00,,,14.48,29.84,5.16,
CARABAYLLO,05/10/2025,01:00,,,10.60,38.67,4.49,"1,619.20"
SAN MARTIN DE PORRES,05/10/2025,01:00,17.83,24.23,7.89,42.23,1.73,730.35
PUENTE PIEDRA,05/10/2025,01:00,17.94,,16.98,34.50,9.56,
PARIACHI,05/10/2025,02:00,15.57,15.91,12.34,67.19,4.70,"3,676.55"
SAN BORJA,05/10/2025,02:00,20.20,53.66,"6,812.00",26.04,24.38,749.80
VILLA MARIA DEL TRIUNFO,05/10/2025,02:00,,,,,4.98,"1,440.95"
CAMPO DE MARTE,05/10/2025,02:00,19.35,28.72,8.65,21.86,4.06,742.90
SANTA ANITA,05/10/2025,02:00,30.49,45.42,199.71,63.21,5.50,"2,869.14"
SAN JUAN DE LURIGANCHO,05/10/2025,02:00,27.59,33.72,2.03,30.92,3.53,"1,340.98"
CERES (CRS),05/10/2025,02:00,,,18.03,29.06,5.04,
CARABAYLLO,05/10/2025,02:00,,,10.36,38.54,3.93,"1,565.15"
SAN MARTIN DE PORRES,05/10/2025,02:00,18.65,24.43,7.73,41.31,1.98,695.92
PUENTE PIEDRA,05/10/2025,02:00,21.13,,15.90,41.19,9.44,
